ENCODED_MCT,dtw_cluster,HPSN_MCT_ZCD_NM
000F03E44A,3,중식-딤섬/중식만두
002816BA73,1,요리주점
003473B465,1,백반/가정식
003AC99735,2,커피전문점
0041E4E5AE,1,한식-찌개/전골
0050D68B18,2,룸살롱/단란주점
00646B6673,2,한식-냉면
0074C4990A,1,축산물
007BE37BA2,1,한식-단품요리일반
00803E9174,3,양식
80644746,1,요리주점
00A2CF886A,1,일반 유흥주점
00BC189C4B,1,한식-해물/생선
00CEAAD71A,0,포장마차
00DA1813DE,0,청과물
00F54829E1,2,카페
00F733C995,2,한식-육류/고기
00FDB35E9C,2,카페
011E53BB76,2,백반/가정식
012A64A73B,0,포장마차
014A6A2154,2,백반/가정식
01670CF403,1,베이커리
016C67D6C6,3,양식
01744C5370,1,한식-단품요리일반
0174C56C09,3,식료품
018DD7E495,2,중식당
019E31E4C6,1,양식
01AAD3CFFA,2,식료품
01AB37892D,1,축산물
01B82F195A,0,호프/맥주
01CCBE28E0,1,양식
01D70FA491,0,한식-국수/만두
01DB89157C,0,햄버거
01EBAA3D0F,2,샌드위치/토스트
01EDD97C21,1,커피전문점
01F74A3D59,2,치킨
01FD0FCC3D,3,카페
01FDC9FAEA,2,포장마차
02080D3457,0,양식
0220D6AA93,2,카페
022FF198C7,2,한식-국수/만두
023652A43E,2,한식-해물/생선
02377784A1,0,축산물
0239C4D2D3,0,백반/가정식
0255C174CC,2,한식-육류/고기
025B95F178,1,중식당
02621706D5,1,식료품
026EBC2ED1,2,동남아/인도음식
02826B57BE,3,축산물
0286E31425,1,백반/가정식
02886FCA36,1,이자카야
029F2B4A59,2,카페
02A32AE992,1,카페
02A5043FF7,2,한식-육류/고기
02B146CDF2,3,백반/가정식
02B9A2CC01,1,한식-육류/고기
02EECADFE6,3,카페
02FE4FD151,0,커피전문점
0305234DDB,1,식료품
0328418F66,2,백반/가정식
335548947,3,샌드위치/토스트
03360C97C5,0,호프/맥주
033F56E9A8,2,한식-국밥/설렁탕
035ADB2AA8,1,커피전문점
036B3FD49B,2,커피전문점
037D7CDBAE,2,일식당
03803D77FE,2,백반/가정식
039869F9F9,2,일식당
03A222EE9D,0,한식-단품요리일반
03A4C45CEB,1,한식-해물/생선
03A581D873,0,한식-단품요리일반
03BE2D577F,3,커피전문점
03C7EBD774,1,식료품
03DCE2BB5C,1,백반/가정식
0400611A92,0,백반/가정식
041B7CBFB0,2,베이커리
04393D7C92,2,한식-육류/고기
0487117D58,1,카페
0495B069FF,1,식료품
04A4FBD34D,1,한식-단품요리일반
04BACBFB49,1,백반/가정식
04F03995B9,0,한식-육류/고기
050581F0EE,1,요리주점
0507C6C859,3,샌드위치/토스트
050A4E0A6D,3,한식-찌개/전골
051EE5224E,1,호프/맥주
052D57B40B,0,피자
052FDFE33E,2,샌드위치/토스트
05354D332D,2,한식-단품요리일반
053AF8AE28,3,한식-국수/만두
055544325C,2,베이커리
055A2785B9,2,커피전문점
055EDDDD01,0,한식-단품요리일반
056644D0B0,3,백반/가정식
0576F5F42A,0,식료품
05870C6994,0,백반/가정식
05992E2BE5,2,중식당
059A6DEC9E,1,백반/가정식
05D0F780F0,1,백반/가정식
05D686D94E,0,식료품
05EE42C739,1,카페
05FEB1D6F5,1,한식-해물/생선
0616E5FFD3,0,양식
0624A8697D,1,축산물
06283FED4E,3,요리주점
064F68DA7E,1,백반/가정식
0667DA4B74,2,양식
066E49F118,1,인삼제품
068FABCF18,2,요리주점
06A87DAA45,1,카페
06C463E9D9,1,식료품
06EB542919,1,떡/한과 제조
07048B6141,1,백반/가정식
072ED18558,2,분식
0732DD7F6A,1,한식-육류/고기
0773FAF52A,1,한식-국밥/설렁탕
0780CB40AB,3,치킨
078E739D39,3,포장마차
07C53B9164,1,주류
07D4C06897,1,축산물
07E06697D9,1,꼬치구이
07E426EE6F,0,한식-단품요리일반
07F3A46C54,3,중식-훠궈/마라탕
0806C51324,2,베이커리
08108678CB,3,축산물
0815A0998B,2,한식-해물/생선
082F14367D,0,중식당
08336C3B85,2,한식-단품요리일반
0840AC0A17,1,백반/가정식
085F6E716F,3,커피전문점
0866C50DAD,1,축산물
086AA2377D,3,분식
08810E1846,3,치킨
088BBA709D,3,한식-국밥/설렁탕
08A6BC229A,2,한식-육류/고기
08A8D396B4,2,카페
08AFA3AAA2,2,일반 유흥주점
08BFC4265D,3,베이커리
08D893CAA8,2,카페
0904E1A37E,2,청과물
090DD25F79,0,중식당
091DB36DAA,2,중식당
092717B584,0,한식-해물/생선
093D848452,3,일식-우동/소바/라면
09544ED347,0,포장마차
095A791091,1,한식-단품요리일반
0961D33241,2,카페
097459D735,3,한식-육류/고기
09801BCCB5,1,백반/가정식
09805F8B6F,1,한식-단품요리일반
098A971F35,2,한식-해물/생선
098BA50B44,3,백반/가정식
098CE4D65F,2,포장마차
099CBF2425,2,한식-단품요리일반
099CE5DB1F,3,한식-육류/고기
09A3BB12CC,1,베이커리
09A5C8DB83,2,카페
09B5A19D91,1,와인바
09D2771DD5,1,축산물
09F834CF4D,0,한식-육류/고기
0A043079E8,0,한식-육류/고기
0A11294210,2,분식
0A14F6BC71,2,백반/가정식
0A1F11604A,2,양식
0A21C8B332,1,일식당
0A249AE8F1,0,요리주점
0A4491652C,3,양식
0A6388B8A5,0,피자
0A969D0884,3,일식당
0AA044D334,0,베이커리
0AAC5CC72A,2,수산물
0ACB1E7718,2,한식뷔페
0ACB344C1B,2,베이커리
0AD65F48B1,2,햄버거
0AD9FBF8D6,0,카페
0AE494A908,1,농산물
0AF7BD60A5,2,카페
0AFA56720B,2,백반/가정식
0B01EED5DC,1,축산물
0B08F64E3F,2,요리주점
0B0F5967E0,1,백반/가정식
0B209E8E8B,1,치킨
0B20C4C788,2,치킨
0B2BB3D26D,1,룸살롱/단란주점
0B36DDFB1B,0,이자카야
0B4FFAC06D,2,한식-육류/고기
0B575BF47C,2,한식-육류/고기
0B5B2332CF,0,한식-해물/생선
0B5E2CA162,2,백반/가정식
0B68902965,0,피자
0B6A827588,2,아이스크림/빙수
0B91BA490B,2,백반/가정식
0BAEC93CDE,2,일식당
0BD65CD437,0,호프/맥주
0BD77C00B4,1,식료품
0BE7C060B5,0,중식당
0BE8ACB0EC,2,피자
0BEDDE7AF8,2,한식-단품요리일반
0BF9751673,2,한식-단품요리일반
0BFA50A379,0,포장마차
0C02E54954,0,커피전문점
0C074FD60A,3,카페
0C1B547B6E,0,커피전문점
0C25C3B746,2,샌드위치/토스트
0C290BC270,2,민속주점
0C52600659,1,건강원
0C579C8DE3,0,한식뷔페
0C5EE2823A,0,농산물
0C67B8EDCF,2,일식-우동/소바/라면
0C71B9E39A,3,한식-찌개/전골
0C73E5FAC6,1,인삼제품
0C8815C811,3,한식-육류/고기
0C8BE8ECAD,1,카페
0C9C887E27,3,커피전문점
0CB94CB82A,1,커피전문점
0CC58A24DF,0,베이커리
0CCC996EB3,3,카페
0CD2370AA8,2,치킨
0CF1A5859F,3,농산물
0CF7026A60,0,일식-덮밥/돈가스
0D2FB82EB4,2,한식-육류/고기
0D30BE35C0,0,한식-육류/고기
0D5913A247,0,한식-육류/고기
0D76004886,1,치킨
0D87E5D527,2,햄버거
0D98347CAA,2,일식당
0DA8A07267,0,인삼제품
0DABCC3BB8,2,백반/가정식
0DBD011FE1,1,축산물
0DE3499749,0,카페
0DF01FA34B,0,한식-육류/고기
0E0486902E,2,한식-단품요리일반
0E15C8A398,1,한식-단품요리일반
0E1F126D2B,3,양식
0E2AE2C4F1,1,백반/가정식
0E33FFCD65,2,분식
0E46A72EBB,2,한식-단품요리일반
0E47B24887,0,카페
0E559E84F4,0,한식-육류/고기
0E5900ADFC,1,호프/맥주
0E614A7B1A,2,카페
0E7F1F5130,1,카페
0E8F0CC5D8,2,한식-단품요리일반
0E8F0F8410,1,축산물
0EC92894F0,2,아이스크림/빙수
0EE4BD7D7A,1,카페
0EED6D3006,3,백반/가정식
0F0676C7F0,2,농산물
0F17B95A3C,2,일식당
0F236D513F,3,햄버거
0F62D2C2CF,2,한식-육류/고기
0F646F50F7,1,카페
0F6B536D3D,1,양식
0FA542A8DB,0,카페
0FAD4CAABE,3,카페
0FDB111E34,3,한식-단품요리일반
1023E7B792,1,요리주점
1025481D02,2,담배
102BD17A37,1,요리주점
10320FAE94,2,양식
103335BDCE,1,한식-냉면
103A5AE48B,1,베이커리
104031A6C2,1,축산물
105CC28499,2,한식-육류/고기
107D13BB20,1,분식
108EC801B1,2,한식-감자탕
1095E71AA8,1,축산물
109684EF6A,0,양식
10BD656C9F,2,치킨
10BF2110CC,0,커피전문점
10D9319CCB,3,카페
10E976D7AB,1,식품 제조
10ED44611E,0,피자
10FA1CC7BC,0,백반/가정식
1109D8FCC5,1,축산물
1112ACEF8D,2,건강원
11191365FD,1,카페
112C9E0C52,3,백반/가정식
115B45FBBE,1,백반/가정식
1164A7B9D5,0,햄버거
1166DE00E7,1,와인바
1184FDF48F,0,축산물
119075288D,3,한식-육류/고기
11917ED05B,1,한식-찌개/전골
119F4FB3E3,2,한식-국밥/설렁탕
11A66B8033,0,한식-육류/고기
11B0AA1C3B,2,한식-단품요리일반
11B32F0E92,1,호프/맥주
11BFFCBE83,3,아이스크림/빙수
11C88CAEC4,1,양식
11DA529896,2,백반/가정식
11E4EE3E27,0,한식-단품요리일반
120283327E,1,카페
123EF86057,0,호프/맥주
125C6AE5AF,3,베이커리
1290AD294E,2,아이스크림/빙수
129842CE2F,0,백반/가정식
129DB16365,3,샌드위치/토스트
12A28908F1,3,카페
12C9656088,2,양식
12E063A8BA,0,중식당
12E149DC7F,2,일식-덮밥/돈가스
12E8C996B1,2,한식-국밥/설렁탕
12F2E42AEC,3,일식당
132078A4FE,1,커피전문점
132DD33068,2,분식
132EC808F2,1,한식-육류/고기
133FADDC35,2,커피전문점
134895DA5B,1,베이커리
1361C9B25C,1,분식
1389DE67CE,1,카페
13920AE06B,0,한식-육류/고기
1395C1AB53,3,이자카야
139B280BA1,2,백반/가정식
139D3C21E3,2,식료품
13A08DED0C,2,백반/가정식
13B170C44E,1,백반/가정식
13BB3CF1BB,1,백반/가정식
13C3C13D99,0,커피전문점
13CF34E13D,2,백반/가정식
13D9737A1D,2,차
13DF93045E,0,한식-육류/고기
13F02B91F6,1,카페
13F380E465,3,양식
1400634946,2,중식당
142D8C5954,1,양식
14575F7112,1,치킨
145A1666B3,0,한식-육류/고기
145BA84596,0,한식-찌개/전골
147235F3A5,1,일식-덮밥/돈가스
147EC9E665,0,식료품
149775709C,1,한식-육류/고기
149A2FAFF2,1,양식
149BA1B7C7,2,샌드위치/토스트
149F54EBF0,0,중식당
14AAC1149B,1,축산물
14AAED5A5C,3,축산물
14B24AF78E,2,햄버거
14DA1400F7,1,건강식품
14DC63223D,0,식료품
14FE0A442F,0,떡/한과 제조
150889572A,1,베이커리
15136D3E9D,0,백반/가정식
151654BA1D,2,한식-해물/생선
151C15F277,1,한식-육류/고기
1521FF7269,1,한식-해물/생선
1527B8DFD5,2,치킨
15312BD018,2,한식-육류/고기
153D5AC634,3,기타세계요리
15418FA4F2,0,한식-육류/고기
1545D071D9,1,한식뷔페
15460DF7A9,2,일반 유흥주점
15467D0BEC,0,백반/가정식
155590DFC1,3,축산물
155685F58E,1,일식-초밥/롤
1581AAB9F5,2,식료품
158A1920D0,2,카페
158EC80184,2,축산물
15B7F02740,2,카페
15CFCB9040,2,카페
15E95AF364,1,피자
15EE2AE836,2,담배
160DDA26E5,2,백반/가정식
161833AB04,0,치킨
16184E93D9,0,축산물
161867AF15,2,베이커리
162B21238D,0,축산물
162D2613BC,1,한식-육류/고기
166A58D2FD,1,아이스크림/빙수
167123A24F,0,치킨
1673EFE7A4,3,한식-찌개/전골
1674C40960,1,한식-육류/고기
1676020CB1,1,카페
1676AF58A8,2,한식-육류/고기
1678DC823A,1,요리주점
167F268F8E,2,카페
169ABB9060,3,한식-육류/고기
16B18D234B,0,일반 유흥주점
16B4B1BB89,2,한식-육류/고기
16C1722BC0,2,양식
16CBDF3A48,2,백반/가정식
16E393FC45,0,한식-육류/고기
16F5C2A5B3,0,커피전문점
16FA1843AE,3,카페
16FF61FF49,0,축산물
170B8F1903,2,중식당
1.71E+17,1,카페
17251C4F10,3,한식-단품요리일반
17725DC7CA,1,떡/한과 제조
1777C724B3,1,치킨
1786026A63,1,백반/가정식
178A3B9A58,1,농산물
17979A7FB4,0,한식-국밥/설렁탕
17B4A44FAF,1,백반/가정식
17B71ACAEE,0,한식-육류/고기
17DAB44CD4,1,한식-해물/생선
17FCA23DD7,0,카페
17FF425166,1,한식-해물/생선
180F6A644D,0,커피전문점
18139EA68D,3,커피전문점
18185E33A8,3,건강식품
1829BF330D,1,반찬
182C5D1799,0,한식-단품요리일반
186BEE7C30,2,양식
186E12F013,2,축산물
187D17CE25,0,베이커리
18822DD6FB,0,건강식품
1890D657AD,1,축산물
18A1E81F1B,1,양식
18AE11C714,0,한식-육류/고기
18FC952F28,1,카페
1900B33A12,1,한식-냉면
19325B3A29,1,햄버거
1938F6377B,3,양식
1958977F7D,2,한식-육류/고기
197C457DEF,2,커피전문점
19AB11C6B4,1,피자
19BD32B8E8,2,베이커리
19C9B789DA,2,양식
19D3456A64,2,일식당
19DC3A560D,0,식품 제조
19DDC941DD,3,한식-육류/고기
19FD619523,2,카페
1A011579F7,2,베이커리
1A018DCAD1,2,도시락
1A185BC72B,1,한식-해물/생선
1A1EC4B50C,1,호프/맥주
1A7712195D,0,한식-육류/고기
1A8BA43A9D,1,양식
1A8C2D30CA,2,한식-단품요리일반
1A95814825,3,일식당
1A9644F28E,1,백반/가정식
1AA954C0A3,2,백반/가정식
1AB3F0C3B0,0,백반/가정식
1ABAFAF53E,1,치킨
1AC1527C9A,1,베이커리
1AC8580FC6,2,치킨
1ACDF59A1A,3,베이커리
1ADFDEE86A,0,치킨
1AE0F9961C,0,커피전문점
1AEC503D19,1,치킨
1AF84D2DC1,3,카페
1AFD192CB4,2,백반/가정식
1B0AE78A30,3,베이커리
1B10962D6B,0,한식-육류/고기
1B13E9E623,3,양식
1B1710772B,1,베이커리
1B2F00A1CC,0,중식당
1B4D60A004,1,식료품
1B554AAC24,0,한식-냉면
1B5F85BD96,3,일식당
1B8A35EA99,1,양식
1BB00863B9,2,농산물
1BC191ACDA,2,동남아/인도음식
1BC90B10EC,0,한식-육류/고기
1BCD8AC994,3,카페
1BE17A9B6B,3,베이커리
1BE8E3CE79,2,일반 유흥주점
1C0AE3E10C,3,카페
1C0E3D3E9C,2,분식
1C1F73D604,0,양식
1C3EE116AE,1,룸살롱/단란주점
1C4665B740,1,한식-육류/고기
1C55BF6FB8,2,치킨
1C69DD5AFC,0,커피전문점
1C7B1712C9,2,한식-단품요리일반
1C943E0E39,0,축산물
1C9BB3C08A,2,한식-육류/고기
1CA14FB122,0,한식-해물/생선
1CA7D76A49,1,식료품
1CAA6D7F95,1,양식
1CB111F32B,1,농산물
1CC86C2EB2,2,카페
1CCF1F16FD,2,커피전문점
1CE1551AF3,2,와인바
1CEA3BFC5B,1,한식-단품요리일반
1CFE4CFBFB,1,양식
1D20FA334E,2,요리주점
1D3FAC9886,0,요리주점
1D47B2E51D,1,한식-육류/고기
1D76CBF64B,0,양식
1D97BD1F6F,0,한식-단품요리일반
1D9B20B1B9,0,커피전문점
1DBC834628,3,커피전문점
1DDB44FF35,2,카페
1DE2A5E40D,1,동남아/인도음식
1DEEB5568D,3,한정식
1DF52E7C5F,0,아이스크림/빙수
1DFD18A8D0,0,치킨
1E00B3CC15,2,한식-단품요리일반
1E0C8CD39A,1,한식-단품요리일반
1E10EECF86,0,축산물
1E49E0A26C,0,한식-육류/고기
1E4D38A262,0,치킨
1E6037D02E,1,분식
1E6E98E3FB,0,샌드위치/토스트
1E745D32BC,1,중식당
1E7A13BB3E,1,청과물
1E8F8916F6,3,카페
1E9761FB09,2,한식-단품요리일반
1EADD2188F,0,와인바
1EAFF3E9E0,1,한식-육류/고기
1EC413BB05,1,축산물
1EC6CCBA67,0,한식-단품요리일반
1ECD387AAF,0,식료품
1ED630331D,1,한식-육류/고기
1EE63C2F5D,1,호프/맥주
1F01798D03,1,분식
1F0239CF1F,1,건강식품
1F08E8119D,0,청과물
1F0AADBBB8,2,일식-샤브샤브
1F0AAE3EBE,2,일식-덮밥/돈가스
1F2F62794C,1,한식-국수/만두
1F369B9364,2,백반/가정식
1F4203EA83,2,카페
1F43B61BB2,1,호프/맥주
1F514EF208,0,일식당
1F59865E54,3,한식-국수/만두
1F5C564B04,2,반찬
1F75656163,2,한식-국밥/설렁탕
1F7D63C933,2,이자카야
1F7ECE7D49,0,한식-단품요리일반
1F803A0080,2,백반/가정식
1F8450ED67,3,축산물
1F9B203919,1,양식
1FAF18BB8F,2,커피전문점
1FD34CB47A,1,축산물
1FE0562759,3,베이커리
1FF980E1D6,0,요리주점
20186EA812,2,샌드위치/토스트
201D6EE851,1,한식-육류/고기
202266AAE4,0,한식-단품요리일반
202F736EBC,2,백반/가정식
203E53DC61,2,백반/가정식
203FCB7DD9,0,샌드위치/토스트
203FEED90F,3,한식-단품요리일반
20540DA43D,0,베이커리
208B37B8E4,1,백반/가정식
209ED3E24F,1,한식-단품요리일반
20A41DB343,0,일식당
20AFB06A43,1,한식-단품요리일반
20B0361789,2,한식-국밥/설렁탕
20B38FBA58,1,양식
20B4D65D66,3,베이커리
20B5CCDB99,1,축산물
20BEAD80DD,2,한식-단품요리일반
20BF89EDFA,2,한식-해물/생선
20CD5C4AB7,1,카페
20E4760A74,0,백반/가정식
20EEE2EE86,1,분식
20EF59F929,1,한식-단품요리일반
21348D6015,2,카페
21373CB273,0,카페
2143174547,0,카페
216431492C,0,한식-육류/고기
216590EA3B,1,백반/가정식
21752D89FB,1,건강식품
21A130787D,2,카페
21B52E1F0F,2,카페
21B58D4396,0,식료품
21BA47CF6E,3,한식-국밥/설렁탕
21C4BDD140,2,한식-국밥/설렁탕
21ED3E83CA,0,식료품
222AB6560E,0,일식당
22323DD09C,1,일식당
22472FE723,0,한식-국수/만두
224AE94A24,2,백반/가정식
224FBAD80C,1,베이커리
2257171AD9,0,한식-국밥/설렁탕
225DC4C12C,2,카페
2265D9F8B3,1,한식-육류/고기
228EDD81BA,3,한식-국수/만두
229E67841F,3,한식-해물/생선
22AE6306D0,1,주류
22B7683FF6,3,일식당
22BDEE04F4,1,축산물
22EA4127C0,1,요리주점
231E0650F8,1,중식당
2324CB55B4,1,한식-단품요리일반
2344622681,2,한식-해물/생선
234A71B7B5,0,일식-덮밥/돈가스
235801F5F3,3,일식당
2358FEB402,2,축산물
235958D75C,1,한식-해물/생선
235FF4ABE1,1,한식-해물/생선
237D0C814D,2,한식-단품요리일반
2381F744F1,0,한식-육류/고기
239818D1A0,3,한식-찌개/전골
239B67CD70,3,일식-초밥/롤
23A7CC4CFE,2,축산물
23B2C0A1ED,2,중식당
23B2E3C466,2,한식-육류/고기
23B6250706,0,백반/가정식
23D471DB19,1,한식-육류/고기
23D97A4475,2,백반/가정식
23E72E19E5,1,한식-해물/생선
23E87CC0C5,2,축산물
23F50506A9,1,한식-단품요리일반
2402B1EA00,1,백반/가정식
2403DDB210,1,양식
241A9CFA07,1,수산물
242ECF834A,2,한식-육류/고기
243EFCA58C,1,한식-육류/고기
2445E4D19D,2,카페
244740AC40,0,분식
245B7B99B2,3,피자
2477DC6A37,2,청과물
2485494277,2,카페
248ED10705,1,이자카야
249C65ED4B,2,호프/맥주
24AA9CA0A5,3,중식당
24B47BE5E4,1,아이스크림/빙수
24CE0F822B,1,양식
24D8120756,3,한식-육류/고기
24F5384BB4,1,카페
25100A92DC,1,한식-육류/고기
252CF56BC1,1,피자
2540E29770,1,백반/가정식
2541119B6A,1,한식-단품요리일반
255821302B,2,커피전문점
255EEC201D,0,한식-찌개/전골
256B5CE947,2,분식
257C2B26D3,3,요리주점
259546987D,1,백반/가정식
259A1E16FE,1,식료품
259AFDA5D8,1,피자
25B296A614,0,축산물
25B2D74E6B,0,치킨
25B32948C5,3,카페
25B6936E82,3,식료품
25CB7FE229,1,한식-단품요리일반
25D2E98F3A,1,한식-단품요리일반
25D5913CB4,2,양식
25E23A7190,2,식료품
25FA6C0D0D,2,피자
26034FF5B2,3,백반/가정식
2604CC295C,3,분식
260F71BF9B,3,기타세계요리
261CA88AD3,1,축산물
2637B87ECB,0,청과물
263A2454D1,0,호프/맥주
266F94FF9C,0,한식-단품요리일반
268A868E38,1,카페
26ACE594E8,2,카페
26B2585C88,3,베이커리
26D174D6A5,1,한식-육류/고기
26DA5D7B15,0,룸살롱/단란주점
26DE9DB5A2,2,한식-단품요리일반
26EBEEFD0A,3,축산물
26F68BFF02,2,한식-육류/고기
26FAE231DB,1,베이커리
2716FFD10A,2,커피전문점
2743897872,2,요리주점
274F7C9F52,2,커피전문점
276A8846C9,1,백반/가정식
27751D8C2E,2,분식
278EA7FDDE,1,중식당
2791AA9D19,1,호프/맥주
2791AFFA12,1,호프/맥주
279E4BE602,1,백반/가정식
27BA4A6AFF,0,한식-육류/고기
27C88660A5,2,중식당
27F2AD0786,1,한식-육류/고기
2816E24ED9,0,한식-육류/고기
281CA527F1,2,축산물
281D5B3CBD,1,축산물
282DE0EEF4,3,한식-육류/고기
2831DB3C04,3,아이스크림/빙수
283E6BD7FF,3,한식-국수/만두
2858CD7B1D,1,식품 제조
285AE413AF,1,양식
28616F2CED,1,중식당
28718E3BF1,2,호프/맥주
2889D57BC9,1,식품 제조
289F79B6BC,2,한식-단품요리일반
289FECEDF1,0,축산물
28A86E02D8,2,한식-육류/고기
28B588EEB5,3,한식-육류/고기
28BE1401AB,2,백반/가정식
28CF1EBDA2,0,한식-국밥/설렁탕
28DC0855AC,2,카페
28DEFF1F60,3,이자카야
28EA223BD1,3,축산물
28F229AEF2,1,분식
2910BEDA4D,2,한식-단품요리일반
291A30DB5B,3,치킨
291BA8B14B,2,한식-국밥/설렁탕
292FD26A79,0,분식
293EA4B2A0,3,분식
2.94E+13,0,일식-덮밥/돈가스
294C67ABA5,0,한식-단품요리일반
295F1DE887,3,한식-국밥/설렁탕
295F86E07D,0,일식-우동/소바/라면
296E11B196,1,와인샵
297AE548DB,2,한식-단품요리일반
297CF99623,1,백반/가정식
2996AB4D5A,3,양식
29B5BE80D4,1,한식-육류/고기
29BB814FD2,2,미곡상
29F6BB77B3,1,요리주점
2A0922EAA7,1,한식-찌개/전골
2A28E1D01A,2,한식-육류/고기
2A46B78747,1,축산물
2A4B681277,1,양식
2A4DAD9E0E,2,한식-단품요리일반
2A6D92878C,1,백반/가정식
2A74299DD1,1,치킨
2A9CD599EF,1,한식-단품요리일반
2AB52AC101,1,한식-육류/고기
2ABC68FBCD,3,한식-단품요리일반
2AD96F80A2,1,양식
2AECA02B3A,1,축산물
2AF934A41E,1,카페
2B06E192A3,2,마카롱
2B0A1A657D,2,일식당
2B2AD47693,3,한식-찌개/전골
2B2AF25A23,1,인삼제품
2B2CDD8A48,1,축산물
2B355A80CB,1,한식-육류/고기
2B60980E98,2,베이커리
2B88E8F026,0,양식
2B89D787CB,0,중식당
2B9B91BE0C,2,일식-샤브샤브
2BB4EF9F37,1,일식당
2BBA95E499,2,한식-육류/고기
2BE371C2DE,3,카페
2BE8E6A10C,1,식료품
2BF66155BC,0,카페
2BFD9CB05E,3,백반/가정식
2C11204E23,2,포장마차
2C1B90C392,2,한식-단품요리일반
2C264531BC,0,한식-육류/고기
2C2BF9EB44,2,카페
2C4B01EA60,0,한식-육류/고기
2C6E1775F4,1,한식-육류/고기
2C72D19DB4,0,커피전문점
2C8DAA2BF9,2,카페
2CA32048EF,1,떡/한과 제조
2CB43F0D78,2,한식-단품요리일반
2CC6C6DCC3,1,베이커리
2CC7A59E1B,0,일반 유흥주점
2CEF80C971,2,아이스크림/빙수
2CF63CC8AA,1,카페
2CFE1C6776,3,와인바
2D0E5434C1,2,한식-국수/만두
2D1CF66EC7,2,한식-육류/고기
2D1F5F9F5F,0,치킨
2D2C0E00E6,2,한식-국밥/설렁탕
2D3C8D6F8A,0,한식-육류/고기
2D42F25855,1,탕후루
2D4E9106EA,0,농산물
2D56DC79C1,2,치킨
2D732BFF98,1,축산물
2D7E5C7167,2,백반/가정식
2D7EEFFB71,2,일식당
2D9247837A,0,분식
2D92AEB068,1,피자
2D948AFFC9,1,한식-단품요리일반
2D956479FE,2,치킨
2D9601ED38,1,포장마차
2DAF105D58,2,한식-해물/생선
2DCB06D5D5,2,분식
2DCC4A585C,0,한식-단품요리일반
2DD4A5D048,3,기타세계요리
2DF77932A4,2,분식
2E0CA58847,2,한식-단품요리일반
2E11392CA8,0,축산물
2E13DF4A8E,0,한식-국밥/설렁탕
2E234CD1DD,0,한식-단품요리일반
2E344F415F,3,양식
2E4264DFBD,2,치킨
2E4C72C286,1,한식-육류/고기
2E4CDEA048,3,카페
2E56C71323,1,축산물
2E5E8F46A2,2,커피전문점
2E8B2318F2,1,카페
2EA62B1198,0,한식-단품요리일반
2EAE67C0B4,3,카페
2EBD1956DE,2,분식
2EDD8317FA,2,한식-육류/고기
2EE7676921,1,백반/가정식
2EEFCB2C63,3,아이스크림/빙수
2EF97A568C,2,한식-단품요리일반
2F190FBDCA,3,카페
2F255C75E1,1,한식-국밥/설렁탕
2F2BBD5117,0,커피전문점
2F35E163EB,0,한식-육류/고기
2F44EA8AEB,3,백반/가정식
2F4B0C323E,3,한식-육류/고기
2F5708B372,2,식료품
2F63B0EE20,0,한식-육류/고기
2FB0335820,1,와인바
2FB475D73E,2,카페
2FC5FFC0AA,0,꼬치구이
2FC6C4F505,1,건강원
2FC958A309,3,양식
2FE9A7B0B7,1,한식-단품요리일반
2FEF6803AC,2,한식-육류/고기
2FF80BC960,2,카페
302563C7F4,3,한식-육류/고기
30262EF19E,0,카페
3046541AF9,2,분식
304DF7C3D2,3,카페
305E16DCD0,2,중식당
305F8B41E8,2,한식-육류/고기
30602E70F0,1,한식-단품요리일반
30623F3257,0,카페
3074DF0C17,2,일식당
307DBEB4EC,2,한식-육류/고기
308272D87D,1,한식-단품요리일반
30888E19A2,0,한식-단품요리일반
309BDE407B,2,카페
30A3576891,2,아이스크림/빙수
30A5227B23,1,축산물
30A93020E1,1,백반/가정식
30BB73F860,3,치킨
30CACD815B,0,축산물
30D877AA68,1,분식
30EBD20CBF,1,백반/가정식
310CE87EE4,2,중식당
310D618597,1,축산물
3114F5BFDA,2,인삼제품
3115CB8448,1,카페
312F1E6B7B,2,카페
31366725DB,2,한식-육류/고기
3147BE76FA,0,중식-훠궈/마라탕
314D411B19,2,치킨
314D6B5043,0,한식-육류/고기
317594F27F,2,한식-해물/생선
3181D01F3F,1,담배
3183771CC5,3,한식-국수/만두
3185CC12C8,1,축산물
319880C87E,1,축산물
319DABE70F,2,백반/가정식
31AED9557A,1,축산물
31DE46AC2D,1,떡/한과 제조
31EC330DC9,0,백반/가정식
31F3C37515,2,한식-찌개/전골
31F9AECFCC,1,한식-국수/만두
320A02A60D,3,한식-육류/고기
3227432B79,3,양식
32425BE27F,2,양식
3245B9475F,2,일식-초밥/롤
32514851CD,1,카페
327194B461,1,일식당
3291FF9C92,1,식료품
3298DAD0FE,0,중식당
32A19D6A82,1,베이커리
32B3B5A4E4,3,일식-우동/소바/라면
32C35D2846,3,아이스크림/빙수
32F21633BE,2,한식-단품요리일반
3316D1C001,0,한식뷔페
33361C935B,2,한식-국수/만두
335B38273C,3,카페
33630D7FC6,2,한식-단품요리일반
33706FFD69,1,카페
338FA09E06,1,요리주점
33B68F414D,2,식료품
33C513E513,0,커피전문점
33CEE3F3AA,1,양식
33E070A5FE,0,청과물
33E3AC210C,3,요리주점
33E9701118,1,한식-단품요리일반
33EA4BF6E9,2,한식-육류/고기
33EF2536AD,1,한식-육류/고기
33FFBE73C4,0,한식-해물/생선
34202B73D6,1,축산물
3456938AFA,1,커피전문점
34573ADA88,2,식료품
3466CE84BF,0,한식-해물/생선
346EB91DC6,2,한식-육류/고기
3478DD65AA,1,축산물
3481C0108F,1,일식-참치회
348CC434D7,0,농산물
349995B62A,1,포장마차
34ADC7D5B3,1,카페
34CF430710,3,백반/가정식
34F9A062DD,1,한식-해물/생선
350FB4A18B,3,주류
3521453C6F,1,축산물
352569F469,3,카페
3530EB5DBA,0,한식-육류/고기
3531297CCD,2,포장마차
3556A9EA7B,1,룸살롱/단란주점
355A49D07D,3,베이커리
3573438877,3,이자카야
3574088A21,0,식료품
358F65FE30,1,일반 유흥주점
3593B2D487,2,카페
359DA6198A,2,한식-육류/고기
35A4AA3FB1,1,베이커리
35A9CD5DCA,2,한식-국수/만두
35F921EEEC,0,한식-단품요리일반
360AF1A8EC,1,한식-국수/만두
360B6BCFC1,0,치킨
360DDB462A,0,일식당
361EC9A5E8,1,양식
362A12ACAB,0,양식
3632A29DDA,1,백반/가정식
36348ED941,3,한식-단품요리일반
365914E11C,1,카페
36A2BCEFD8,2,주류
36A38785F3,1,분식
36ABF21B6F,0,요리주점
36BADF35EC,0,일식당
36BBE40E4D,0,백반/가정식
36CF6C8B70,1,베이커리
36D30C9B49,2,한식-육류/고기
36E3A686C1,1,카페
36E8832157,2,한식-국수/만두
36FA50BD7D,3,카페
37075F1B6D,3,한식-육류/고기
370B4F40C3,2,담배
373FC35FF2,2,분식
3751A3FD2E,1,중식당
376525721B,0,포장마차
376A5D3F6B,0,치킨
377472828B,0,포장마차
378316C068,0,호프/맥주
378C662D8E,3,카페
37AA28CAF8,1,카페
37AA4DBA89,3,양식
37B095C0EA,2,양식
37BCC1D215,1,백반/가정식
37C22962DB,2,커피전문점
37EDF0B2C1,1,이자카야
37FE3D6CC0,2,아이스크림/빙수
37FEBDD1C1,1,호프/맥주
3816AE5158,1,한식-해물/생선
38277AF289,1,축산물
382A324F7A,1,떡/한과 제조
383481B7AC,0,카페
383948C8CC,2,일식당
3842954B95,2,백반/가정식
3845CA9FE8,1,축산물
3849F9A089,3,한식-육류/고기
384FAF740C,3,카페
38537E4B84,0,분식
385823BD41,2,한식-단품요리일반
386397E23E,1,축산물
3864418FCC,0,백반/가정식
387BDBCD80,1,카페
387CE6C86C,2,한식-육류/고기
389E239904,0,기사식당
389F10CE1E,2,호프/맥주
38BDC5B4AE,2,중식당
38C18AF0CF,2,중식당
38D9B1B96A,2,한식-육류/고기
38EDE3F91C,3,피자
391836F1E0,3,카페
39255E94C6,0,축산물
39386D0931,1,한식-단품요리일반
394824E6A3,2,농산물
39624DF65A,1,한식-단품요리일반
397AF59B8B,0,양식
3991680872,3,한식-단품요리일반
39975534D9,3,도너츠
39A0648E6F,0,꼬치구이
39ADC0C466,0,일식-참치회
39C80568CC,3,한식-육류/고기
39D9285E8D,2,한식-육류/고기
39E9AADD30,1,치킨
3A07D1755D,3,호프/맥주
3A0FA79FF3,2,이자카야
3A286DF61F,0,치킨
3A2AB3FD4F,0,축산물
3A52550A64,2,한식-육류/고기
3A52CE5658,2,한식-육류/고기
3A770A3C62,0,한식-육류/고기
3A81FE047A,3,축산물
3A8F8A6B41,0,축산물
3AA1678CDE,2,한식-육류/고기
3AAA1F7B5B,0,한식-육류/고기
3AB4FC1262,0,샌드위치/토스트
3AC0517B5B,3,기타세계요리
3AD2A5FE6A,2,백반/가정식
3ADF083472,0,백반/가정식
3AE0B97C20,0,한식-육류/고기
3AE3E04CCF,2,주스
3AE8B97E90,0,카페
3AF3906E1E,2,카페
3B0E5FAA4D,0,한식뷔페
3B0F367222,2,치킨
3B10BE8CBB,3,축산물
3B2E13DA95,2,한식-단품요리일반
3B463692E1,1,한식-육류/고기
3B4CB64E6A,3,햄버거
3B5C32604B,1,한식-해물/생선
3B758AC2A1,1,분식
3B8E59372C,0,식료품
3BB8C1A3AD,0,한식-육류/고기
3BCE6D8224,0,호프/맥주
3BD38FB889,0,한식-국수/만두
3C16CE8803,1,백반/가정식
3C470EF2B3,2,일식-참치회
3C4FAA53F0,2,한식-육류/고기
3C54A75A81,3,한식-해물/생선
3C57E8E398,3,축산물
3C5DFF3840,2,분식
3C6D370558,1,피자
3C76B0425D,2,한식-단품요리일반
3C9076A1D4,2,이자카야
3C918D8F6A,2,한식-찌개/전골
3C92DED4C1,2,한식-육류/고기
3C97811992,0,치킨
3C9CFC0B9F,1,축산물
3CAACEBFFD,1,백반/가정식
3CBCDB9525,1,백반/가정식
3CBD6CE416,3,카페
3CD5747A9B,2,샌드위치/토스트
3CFB121A76,3,청과물
3D05D0CBE9,0,한식-육류/고기
3D35397FAB,2,건강식품
3D432C28C3,2,백반/가정식
3D4F4809F0,1,일식당
3D56F4D9D7,2,백반/가정식
3D65A21626,3,커피전문점
3D7A63FFA7,0,양식
3D7F3820C1,0,한식-국밥/설렁탕
3D85779307,2,한식-육류/고기
3D8F0EC508,3,한식-육류/고기
3D972997F9,2,백반/가정식
3DB47F6D25,0,카페
3DD6585AD5,1,한식-육류/고기
3DDD63B1FA,1,카페
3DE26BC841,1,치킨
3DE56E2069,0,분식
3DE5786D97,3,카페
3DEF9DCDB9,2,분식
3DFABAA899,1,축산물
3E09B1E315,1,한식-육류/고기
3E2F41A5CB,2,한식-단품요리일반
3E35A71757,1,치킨
3E36C045C0,1,축산물
3E5737823F,3,와인바
3E61C339E2,1,축산물
3E65F94B3C,2,요리주점
3E6DB9DC69,3,한식-육류/고기
3E82760740,2,호프/맥주
3E96264C22,2,한식-찌개/전골
3EA2263A90,1,한식-육류/고기
3EB675E82D,1,분식
3EBB8FF3EB,1,와인바
3EC80135EF,0,한식-육류/고기
3EDB2D7A36,2,포장마차
3F033E596C,3,베이커리
3F14DF48F3,1,일식당
3F320BF290,2,한식-국수/만두
3F3922C8C3,2,분식
3F3F64EAED,0,식료품
3F53A733C8,1,베이커리
3F6CA06921,2,한식-단품요리일반
3F9407A8C2,0,카페
3F995F0EF7,0,식료품
3FD4A26C54,3,아이스크림/빙수
3FE023E09E,3,카페
3FE6E9531A,0,축산물
3FEABA501A,3,반찬
3FEEF8EC29,1,카페
40057A0E5A,2,양식
400C105927,1,요리주점
4011B78273,2,포장마차
4018B532A8,2,카페
401DA3A519,2,한식-육류/고기
402132957B,3,분식
40213576B3,1,식료품
402A6EA562,2,베이커리
404C43C6FA,3,양식
40555676A3,3,한식-육류/고기
406403403D,3,한식-단품요리일반
4067FB5604,1,백반/가정식
4069628130,0,축산물
4074003379,3,베이커리
4076B62091,3,치킨
407EA64E55,2,한식-육류/고기
4080EC9ECB,0,한식-육류/고기
40876D8589,3,카페
408A79D8E5,0,한식-육류/고기
409D0DA708,2,식료품
40A4DCBA7F,1,한식-감자탕
40AA7DDA7E,2,백반/가정식
40B3115ED5,1,축산물
40C78A09A2,0,축산물
40D0F833AA,1,중식당
40F6DE923B,0,치킨
40F82EA1A1,0,일식당
40FF885FCA,1,농산물
4117EDDE9C,1,축산물
4118B90D6E,0,백반/가정식
41405E4F25,1,백반/가정식
416F075512,3,한식-육류/고기
4182680D90,3,베이커리
41865131B6,2,분식
4187D0B073,3,일식당
41A48AF8FE,3,커피전문점
41B1FC479A,1,카페
41BCC06E83,1,한식-육류/고기
41CB64C3C9,0,식료품
41CD6D7430,1,한식-육류/고기
41D2AB65FB,2,일식-샤브샤브
41D474F092,1,베이커리
41E88640AD,2,한식-육류/고기
41FCF57F43,0,카페
42028E39B5,2,한식-해물/생선
4206032C42,3,한식-해물/생선
4207B38494,0,백반/가정식
4208C4C0A7,2,식품 제조
420900C565,0,식료품
420DCCAD41,1,한식-국밥/설렁탕
422418BBDD,0,베이커리
422F127F2C,2,치킨
42326C1AF5,0,중식당
42334BE576,1,양식
424AAC4582,0,축산물
424ABA9D67,2,커피전문점
4251F43180,1,요리주점
425547857A,1,한식-육류/고기
4257D2CFAA,3,한식-단품요리일반
42591F7AE9,3,축산물
4261C5A667,2,카페
426E9843AA,2,피자
4281813D4D,0,한식-육류/고기
428FFBD76A,2,카페
4.30E+13,0,중식당
42C1209E01,0,한식-국수/만두
42F4442B86,3,동남아/인도음식
43195F0299,1,백반/가정식
431B6E7893,0,중식당
4321CFDE5D,3,한식-단품요리일반
43343735BB,0,식료품
43376C6456,2,꼬치구이
43397BFE31,3,한식-육류/고기
433F5BCED5,3,식료품
434671439E,0,카페
4349A8302A,2,햄버거
434F31D9B6,2,한식-육류/고기
438D6C2A0C,2,한식-단품요리일반
439035A9EB,2,한식-단품요리일반
43A4217D54,2,양식
43B23BDD6B,2,중식당
43B89D891C,3,카페
43B9C1697C,0,카페
43C7FF8A46,0,한식-해물/생선
43CB66F206,3,청과물
43CE48A1CD,1,분식
43F46BD63A,1,한식-육류/고기
44150C17AB,1,한식-단품요리일반
442C98A349,1,한식-단품요리일반
44410D0CB8,1,축산물
44469393FD,1,일반 유흥주점
44544F2DCE,3,백반/가정식
4467413444,3,백반/가정식
4482179D1C,3,백반/가정식
448BDB28BD,3,한식-단품요리일반
44A595A22B,3,한식뷔페
44A9291640,2,커피전문점
44CA6EDFE3,1,축산물
44EA134147,0,한식-육류/고기
44EEDD0526,2,아이스크림/빙수
451CF53207,1,한식-국수/만두
452A2E0AD8,3,한식-육류/고기
452E7CAA14,1,일식당
453BD22A9C,1,백반/가정식
4546CB7E88,2,요리주점
4554B97419,3,포장마차
45653EE08D,1,베이커리
456FAA8479,1,한식-육류/고기
45748D67A8,2,샌드위치/토스트
458600B5F4,2,일식당
45AFE0281E,1,아이스크림/빙수
45B5488EF8,0,요리주점
45B86F632F,2,베이커리
45CCE83EBB,2,중식당
45D355879A,3,일식당
45E1109CF3,2,한식-해물/생선
45E84CAA54,3,한식-단품요리일반
45F19425EF,2,카페
45FEE5DBC4,2,카페
460FC7898C,2,햄버거
462A0062E2,0,중식당
4636AC6E2B,1,축산물
46401389CA,3,카페
46409ECD04,3,와인바
468982150B,1,백반/가정식
46AC67DA98,2,요리주점
46AEC08B5A,2,분식
46B7CF90B2,3,한식-단품요리일반
46B8E61C45,1,식품 제조
46D50AE96B,2,백반/가정식
46E766EB0A,2,양식
46EE1185BE,0,백반/가정식
46F56D0D63,0,커피전문점
46F5D36BCA,2,한식-국밥/설렁탕
471640408B,0,한식-육류/고기
47170099B7,2,반찬
474B033710,1,커피전문점
475ED601EB,1,커피전문점
47654FAE2A,2,식품 제조
4774C089CA,3,백반/가정식
479160DAA8,0,한식-육류/고기
4795D97F2B,1,인삼제품
47AACE684D,0,중식당
47B04D5AF9,1,양식
47C597A064,1,주류
47C8C40086,2,양식
47C9895708,0,샌드위치/토스트
47DF527035,1,한식-단품요리일반
47ED27ED3A,0,한식-육류/고기
4828F279E2,2,분식
485B0A3591,1,한식-육류/고기
48731DE9B9,1,치킨
487926887C,3,양식
4888E1AE6C,3,요리주점
48A2E5A7D3,2,축산물
48A320941A,3,한식-육류/고기
48A60B81B9,2,일식-덮밥/돈가스
48B6DB988C,0,백반/가정식
48BCC595D9,0,축산물
48C1483437,1,카페
48D0F061EB,1,카페
48DBF4F872,3,요리주점
48E55F5235,1,피자
48F3AA695A,1,한식-육류/고기
4912143622,3,한식-육류/고기
491274748A,2,한식-단품요리일반
4916AD88E4,1,동남아/인도음식
492180DBE3,0,일식당
494DCC4C5F,2,피자
4972FC2750,1,요리주점
498B5C1AB7,2,일식-덮밥/돈가스
4996910EA9,1,백반/가정식
499F119A8A,1,커피전문점
499F3ECFD7,2,한식-단품요리일반
49B504B02C,3,분식
49C5A0B4DF,0,한식-육류/고기
49D7D6044C,3,일식-우동/소바/라면
49DD179441,1,한식-육류/고기
49E147A359,1,떡/한과 제조
49F556B92E,1,한식-단품요리일반
4A01501171,3,커피전문점
4A2D564D9B,0,룸살롱/단란주점
4A347AF852,1,베이커리
4A3538DDC3,3,커피전문점
4A42915A44,2,커피전문점
4A46FE0E71,2,양식
4A98122A06,2,요리주점
4AB5E20EE4,2,카페
4ACBCC7739,2,한식-단품요리일반
4AD953D850,3,커피전문점
4B05972847,3,양식
4B06EC5432,2,농산물
4B2AF6047C,2,한식-육류/고기
4B32EF06FA,3,백반/가정식
4B3D70F3C7,2,떡/한과 제조
4B5922FA5E,1,백반/가정식
4B5CD08E49,2,치킨
4BA019BAEF,3,식료품
4BA62EBC13,2,카페
4BB1D5083E,1,청과물
4BBF641656,3,카페
4BC0ED1667,3,일식당
4BC6588772,0,일식당
4BCCEFE9EE,1,중식-훠궈/마라탕
4BF0C08F5F,1,카페
4BF4E76EB1,1,축산물
4BF6B1EEF7,1,호프/맥주
4C021A3A21,1,한식-해물/생선
4C102E76F9,2,한식-단품요리일반
4C4C19D23F,1,축산물
4C54436E59,1,한식-단품요리일반
4C60EE6CA4,3,카페
4C8487EFAE,1,카페
4C89EB1228,2,치킨
4C8A0648B0,3,기타세계요리
4C9BC35AD4,3,샌드위치/토스트
4C9FAA2C92,0,한식-단품요리일반
4CAFD6C3F4,1,한식-육류/고기
4CC519E81E,2,백반/가정식
4CD0E0A0DC,1,아이스크림/빙수
4CE2C74657,0,일식당
4CE4BD3DBE,1,중식당
4CE99C7D02,1,치킨
4CE9DA1D26,3,카페
4CFC31C924,1,와인샵
4D039EA8B7,0,축산물
4D45E10163,3,축산물
4D57A4C1A5,1,축산물
4D639B5299,0,양식
4D712FD5CB,1,한식-단품요리일반
4D789D747A,0,한식-육류/고기
4D78A9732C,0,축산물
4D95F03916,0,한식-육류/고기
4DAE33EA04,1,건강식품
4DC1192CB7,1,축산물
4DD8AC6665,1,백반/가정식
4DE273254C,1,축산물
4DEDE7CD03,1,한식-육류/고기
4E0A2F790E,1,한식-육류/고기
4E34EC1776,2,떡/한과 제조
4E390D279A,0,베이커리
4E44FC37D5,1,한식-육류/고기
4E4F418B9C,2,일식당
4E4FF6A584,2,한식-국밥/설렁탕
4E530BFB48,2,호프/맥주
4E56424369,3,호프/맥주
4E5DEDBDDC,2,커피전문점
4E6576A551,1,일식당
4E8BDFA3D8,3,도시락
4E9408836B,0,식품 제조
4E94D459E2,2,한식-국수/만두
4EBEB61964,0,일식당
4ECBDBFE0C,2,일식-샤브샤브
4ED49525EB,1,한식-육류/고기
4EE6193540,3,커피전문점
4EE6AA4F0F,1,한식-육류/고기
4EE6D5E718,2,중식당
4EEF5997AF,0,한식-찌개/전골
4EF5BD22BD,3,양식
4EFDFC6E78,1,백반/가정식
4F0DB34622,0,분식
4F2296203F,3,축산물
4F294B4053,2,치킨
4F374EBA09,2,카페
4F4288168A,2,커피전문점
4F4CDEDF32,0,건강원
4F6533C9B9,3,분식
4F6748BD4E,1,한식-해물/생선
4F6821E9D7,2,일식당
4F68679BB6,2,커피전문점
4F7FF335EF,2,치킨
4F91DC078E,2,커피전문점
4F98A3CB2D,0,한식-육류/고기
4F98FE8D27,0,한식-단품요리일반
4F9BAC95BF,1,한식-해물/생선
4FAC32FBDC,0,백반/가정식
4FAFEFC9D2,0,요리주점
4FD2CD656B,2,베이커리
4FD8DEB849,1,식료품
4FD8F44568,0,한식-해물/생선
4FECCA34D6,2,중식당
4FF1B07188,3,백반/가정식
4FF5BC13EF,1,백반/가정식
4FF64DE415,2,한식-육류/고기
4FFDE025F1,1,건강식품
500A36AF3C,1,한식-육류/고기
5017C6924A,0,피자
5019B0EA07,0,백반/가정식
501AEDAE3D,1,분식
502658D9C9,2,카페
502C539374,0,카페
50431C729D,2,한식-해물/생선
505C1CCC24,2,일식당
5.08E+73,3,일식당
50832A2B37,1,한식-찌개/전골
5088093AFC,3,한식-단품요리일반
508830F630,1,축산물
5095698AC0,3,양식
5099D60AF1,0,한식-국밥/설렁탕
50A2E31DF5,2,카페
50A34DE644,0,커피전문점
50BB2EA330,2,커피전문점
50BD14C2F8,1,백반/가정식
50BD9E37F2,3,베이커리
50CA101871,1,마카롱
50CCBE90E1,0,치킨
50D6E3DB76,2,일식당
50E5564482,1,백반/가정식
50FB1F6C45,2,농산물
50FC72558D,0,카페
5.10E+09,1,식료품
510366DAA4,3,백반/가정식
5106B234F1,1,백반/가정식
51114863DE,1,축산물
5113D031FD,1,커피전문점
5126178CAE,2,떡/한과
513A8B50FC,1,축산물
51469424CB,0,차
51546F4B94,0,한식-육류/고기
5159C627D2,1,분식
515A6733F3,2,축산물
5183626392,2,한식-찌개/전골
519381C21B,2,양식
5.19E+07,0,백반/가정식
5196197266,1,한식-육류/고기
519942A2F8,1,축산물
51AD83F917,1,한식-해물/생선
51BEB72D68,2,백반/가정식
51CD26A022,3,한식-육류/고기
51D51815C2,2,백반/가정식
51DB10788F,2,햄버거
51E712A1A7,3,한식-육류/고기
520511D96C,1,한식-육류/고기
5217838A3C,1,포장마차
521E3795E3,0,백반/가정식
5257313CF4,2,떡/한과
525D3B1AD2,2,축산물
5266257AE8,2,분식
52BE681A0A,2,일식-우동/소바/라면
52E7464F5E,3,호프/맥주
52F11D88C1,3,한식-해물/생선
52F80BA32C,0,베이커리
52FFF088FE,0,한식-해물/생선
5322300A3B,1,한식-국밥/설렁탕
534FC7A474,2,호프/맥주
535999101E,3,커피전문점
53679A769E,0,양식
536CC51122,1,중식당
537AB5F50E,2,양식
537EED164B,0,백반/가정식
5386608DEC,0,백반/가정식
53893756B9,1,백반/가정식
5393B95278,1,한식-단품요리일반
53987F6D47,0,한식-육류/고기
53A8784B97,3,커피전문점
53CA4BAE0A,3,일식-덮밥/돈가스
53E08ECF72,2,백반/가정식
53F2CA13C6,3,이자카야
53F5775D15,0,한식-해물/생선
54048E2190,3,일식당
5417C5A2AE,0,축산물
5424DBE00D,1,농산물
543C4A9834,0,백반/가정식
543E9DF72E,2,백반/가정식
544E8A51CC,2,분식
54529B6426,1,치킨
54537D2AD9,0,베이커리
545BE56226,3,일식-덮밥/돈가스
5468EE06CF,3,중식당
549B0B52D3,1,청과물
54A86F9105,2,일식당
54BC20B0A0,3,양식
54DB8CEB48,3,베이커리
54EA8467D3,3,축산물
5507C4D8DB,0,축산물
5509AAD8EE,3,농산물
5529CDFCDF,2,민속주점
553B878E02,2,베이커리
554B8B39CF,3,농산물
557870DAE7,1,백반/가정식
557D0AECD2,0,분식
5595AE45A8,2,커피전문점
559A0E2C40,0,한식-육류/고기
55B4F11C0E,2,분식
55B960CBD0,1,한식-육류/고기
55CE7C8582,1,축산물
55D6CC671E,2,백반/가정식
55F3EC2326,0,양식
56072E2ED8,3,한식-육류/고기
560D700A0A,2,일식당
561E2A96EF,2,피자
562E873FFE,0,호프/맥주
5.64E+12,3,기타세계요리
5653B531F7,1,카페
565439335B,2,치킨
5654DA6B2C,2,샌드위치/토스트
56571ACABD,2,농산물
56637B5CFF,0,한식-육류/고기
566804A508,1,백반/가정식
56AB36BDAF,2,카페
56B02A07FC,2,한식-육류/고기
56BE624635,0,한식-단품요리일반
56CCDF6E4B,1,카페
56CE6776C6,0,구내식당/푸드코트
56D6494E4A,2,피자
56DDDE972B,2,농산물
56E1D6E430,2,한식-육류/고기
56E8BA3007,3,호프/맥주
56EE904EE0,3,백반/가정식
56F352C52C,1,베이커리
5712EA8578,2,일반 유흥주점
571F96C27E,2,분식
5725D7EE5E,2,한식-단품요리일반
572B665575,2,커피전문점
5746FB77CC,0,치킨
5755CB685C,2,양식
5779AEFA66,2,분식
577F82A787,1,축산물
5793537AB2,1,중식당
57A742D22B,1,백반/가정식
57AEEDF72B,2,베이커리
57B4E2F996,1,한식-육류/고기
57C7DFB21A,3,동남아/인도음식
57D0C5916A,1,양식
57D8D0DAEE,3,반찬
57DEE6D415,1,카페
57E5E99129,1,농산물
57ECFF0227,2,동남아/인도음식
57F39CB90C,2,한식-감자탕
5811A8E05B,2,한식-단품요리일반
58168DBBE0,1,일식-우동/소바/라면
582577A831,1,요리주점
5828134AC4,0,베이커리
582A075088,0,축산물
5840B960CE,2,치킨
5864A763E4,0,한식-단품요리일반
5866051D91,1,중식당
5890F473D8,3,백반/가정식
58A30B4F4D,3,치킨
58ABFB3565,0,분식
58B096EF00,2,축산물
58B1DEEE5D,3,카페
58B8C943BF,1,아이스크림/빙수
58BB43C891,2,식료품
58C2DD4547,1,카페
58D324F8BD,2,카페
58FE1BFE3D,2,햄버거
590A329DB9,0,한식-단품요리일반
591CBB3B43,2,카페
591FFE0261,0,한식-단품요리일반
593875841D,1,한식-단품요리일반
5946F40892,0,치킨
5960275B4D,3,이자카야
596D95834C,1,분식
5970C28B1D,2,마카롱
5974B075AD,2,카페
598ACA428F,1,축산물
598E46F283,2,커피전문점
5998DB8346,1,떡/한과 제조
59AA2F0CFE,0,한식-찌개/전골
59C69D9CD8,1,축산물
5A0D48A713,2,카페
5A13DDE2D6,2,한식-국수/만두
5A4AFCC360,3,백반/가정식
5A4B697AE7,2,한식-해물/생선
5A51AD1FF1,2,커피전문점
5A5B5CC478,3,카페
5A5EBCB3A8,1,일반 유흥주점
5A9FD5F5CD,1,분식
5AA50A5A64,0,일식당
5AD0940FDD,3,카페
5AE55ECD0E,2,아이스크림/빙수
5AE70815C9,1,식료품
5AEEA3B4EF,2,식료품
5AF3D76D12,2,한식-단품요리일반
5AF671B1BF,1,한식-국수/만두
5AFF1D97F2,3,한식-단품요리일반
5B0E07A8BA,1,카페
5B110F468D,0,커피전문점
5B1438B461,0,한식-국수/만두
5B15CE4AD1,2,한식-육류/고기
5B1F2A7BA9,2,커피전문점
5B2E4E2454,1,축산물
5B33B06965,1,농산물
5B3DE5F17F,2,한식-육류/고기
5B4244B007,1,분식
5B4D253AB9,1,양식
5B537AFFD8,1,축산물
5B5AE038F6,1,커피전문점
5B646D947B,0,식료품
5B86E12858,2,백반/가정식
5B875E9A9E,3,한식-육류/고기
5BAB073DB1,0,백반/가정식
5BB092A34C,2,베이커리
5BB5DF8D62,2,카페
5BC9440DAF,3,카페
5BE0890F4A,1,카페
5BE883AA16,0,축산물
5BF5A99836,2,분식
5BFB461F3A,3,커피전문점
5C14F5FBA3,1,피자
5C18E06E09,3,식료품
5C2ABD2879,3,한식-육류/고기
5C312171F4,2,양식
5C3A9D7C5A,3,한식-육류/고기
5C527FA137,2,치킨
5C57D59C97,2,한식-육류/고기
5C58B2EF46,0,식료품
5C599A6F56,1,한식-육류/고기
5C5F3498B3,0,동남아/인도음식
5C6A6CA90A,3,한식-육류/고기
5C86E37148,0,한식-단품요리일반
5CAFB11F16,1,일반 유흥주점
5D0C1CAA5E,0,분식
5D164CCB8F,1,일식당
5D173C6BD3,2,청과물
5D4A7C44B2,1,백반/가정식
5D4EDA13E3,2,한식-육류/고기
5D5111FAC3,3,한식-육류/고기
5D68AB9C70,2,한식-육류/고기
5D86802675,1,카페
5D90E2AA8B,2,동남아/인도음식
5D9E2372B7,1,한식-단품요리일반
5D9E5F8645,2,카페
5DA080BB02,0,한식-육류/고기
5DB407D5B6,2,중식당
5DC3FB1D5F,2,카페
5DD265DF51,1,중식당
5DEA8CA245,1,한식-감자탕
5DEC65272B,2,카페
5E180A9A93,2,아이스크림/빙수
5E30D7653F,0,커피전문점
5E5092A910,1,카페
5E6FE68BF5,1,축산물
5E86C12B37,3,축산물
5E8B3A9C0F,2,한식-육류/고기
5E93D0267B,3,양식
5EB844551A,0,카페
5ED1A1DEB4,2,한식-해물/생선
5ED6A6D25C,1,축산물
5EF2C0673B,1,식료품
5F0AAEF5DF,0,치킨
5F0B05E1D7,3,카페
5F2DDA0178,1,카페
5F35F67E3F,2,백반/가정식
5F4BD315F9,1,한식-육류/고기
5F4D724ED3,0,백반/가정식
5F4E878B3F,1,백반/가정식
5F641D5F4A,1,한식-해물/생선
5F6A947002,0,중식당
5F6C91EC8E,1,한식-단품요리일반
5F8D82CC87,1,한식-해물/생선
5FA82D7B59,0,차
5FAF6E0F7F,2,한식-단품요리일반
5FC828374B,2,한식-육류/고기
5FCE089938,0,커피전문점
5FE5C42B70,1,양식
5FE888BC65,3,백반/가정식
5FEF5885D9,2,한식-국밥/설렁탕
6010892CCE,1,카페
60334AB92C,0,커피전문점
605655C22D,0,한식-단품요리일반
607010FDDB,3,이자카야
609DC095EC,0,백반/가정식
60ABA7FA01,3,분식
60AD2EEEB8,3,축산물
60AF617267,0,한식-단품요리일반
61184A5430,2,한식-육류/고기
612C103359,3,베이커리
6138A3EEB7,1,요리주점
6139F1970B,2,한식-단품요리일반
613B8B6375,2,커피전문점
61472439B5,1,커피전문점
614B42817C,0,백반/가정식
61574AF3E1,2,카페
615A623A22,2,일식당
61811034C2,1,축산물
6186386DED,1,한식-국수/만두
61A3133822,1,카페
61A7EE0050,1,떡/한과 제조
61D516DBB4,0,와인바
61E9DEEBD7,0,축산물
62170CD834,1,축산물
622D27CE49,1,미곡상
6235F64612,2,한식-냉면
623E90D289,2,커피전문점
6242BB9BEB,2,한식-해물/생선
627F539A91,3,커피전문점
62968F5FF3,1,축산물
62A9B7888B,1,건강식품
62AC8476D3,1,건강원
62B867788E,1,햄버거
62DA6EB79A,1,한식-육류/고기
62DCAD38F6,1,카페
62E7A755DC,2,식료품
62EF38C706,1,카페
63064A8A5C,2,커피전문점
63135A8618,2,커피전문점
636D494093,3,백반/가정식
636DB3B918,1,백반/가정식
6375E191B5,0,치킨
6384E450BD,0,한식뷔페
6385DDECF1,1,양식
6387170291,3,동남아/인도음식
63AB211FC9,2,한식-해물/생선
63C63AF808,2,치킨
63C676EAE1,0,한식-국수/만두
63D56CEF99,1,한식-육류/고기
63DAE9B5FE,0,중식당
63F465C28C,2,백반/가정식
63F736E9EB,0,떡/한과
63FA0DEB58,1,치킨
6402B38CAE,2,축산물
640F63B1EB,0,이자카야
641883F244,0,한식-육류/고기
641DC575A8,3,백반/가정식
641F185DE4,3,백반/가정식
643B6CDCC2,1,건강원
64477AD191,2,커피전문점
644FD8375A,2,한식-냉면
645C99961F,1,한식-단품요리일반
64632B784A,3,백반/가정식
6466B7724E,2,한식-국수/만두
64687C0A87,0,양식
646D7BE313,0,한식-찌개/전골
64835E743B,0,한식-육류/고기
64A48DF745,2,양식
64AC3356A0,2,백반/가정식
64B27F3594,2,분식
64BF96D72B,1,양식
64DAA985AE,3,한식-국수/만두
64DD526761,2,이자카야
64E401B0CC,2,반찬
650886D9B9,3,테이크아웃커피
65199A38DE,1,포장마차
652AA8E8C5,2,카페
655851E372,2,카페
656E1E70AF,2,식료품
657E1184BB,1,축산물
65D2C9E1E4,0,분식
65D60A05BA,3,카페
65E5572C9F,0,한식-해물/생선
65E9AD1E06,1,한식-단품요리일반
65EB7F45A2,3,식료품
65EF268E18,3,한식-단품요리일반
661C7C734C,2,베이커리
6624D7D635,1,식료품
66317DF98C,1,주류
6634FE5F13,1,축산물
664477153F,2,백반/가정식
665886A952,0,백반/가정식
6667AD4338,0,한식-육류/고기
667E63F3BC,1,식료품
667F7D3E48,1,카페
668C9F56AA,1,와인바
66A39F4442,2,한식-육류/고기
66A3F67041,0,한식-단품요리일반
66BFBD2ADE,1,한식-단품요리일반
66CF03A8B9,0,한식-단품요리일반
66E5115662,0,축산물
66EE334562,2,한식-국수/만두
66FA72C189,1,백반/가정식
66FCF97ECE,0,이자카야
670C37D448,1,분식
671826BB1A,0,포장마차
67309EAD75,2,백반/가정식
673E2D3411,3,한식-국밥/설렁탕
674011F2F1,2,카페
6744E203FD,0,축산물
67551595FA,2,커피전문점
6779202960,1,카페
677AEC4179,2,요리주점
677DAF15F8,1,햄버거
6780FF33B7,3,한식-육류/고기
67950640CA,1,한식-육류/고기
679B13C3AD,1,일식당
67A793BE25,2,양식
67BEA11D33,3,커피전문점
67FCC5D980,0,백반/가정식
680E102527,2,피자
6810C7C7CE,1,카페
6821430102,2,베이커리
6823A37A44,1,한식-단품요리일반
68308F2746,1,축산물
685929E817,1,농산물
6880AFD844,1,한식-단품요리일반
68B6CAE65F,1,식료품
68E9B3CBB0,2,한식-단품요리일반
68EF8A24E8,1,한식-국수/만두
68F1BBE833,1,중식당
68FD248F73,3,베이커리
69013447B1,1,한식-육류/고기
692F6314A6,1,일식당
6930EE8A71,2,카페
693A6576E9,2,커피전문점
6947245C66,2,분식
69473BF966,0,피자
69506949A8,1,한식-육류/고기
695306E501,1,백반/가정식
6958CB3DC0,2,이자카야
696BDA4E25,1,식료품
69756C0A85,0,카페
699C421ABB,0,한식-국수/만두
69BC027D6D,0,한식-육류/고기
69BE861BE9,2,호프/맥주
69C015926E,2,한식-육류/고기
69C8736433,1,백반/가정식
69EE47A25B,2,피자
6A2D56434E,1,치킨
6A405B55C3,3,백반/가정식
6A43ED334C,0,룸살롱/단란주점
6A4747F757,1,호프/맥주
6A584E1D14,2,카페
6A5E5F1964,3,식료품
6A690D39D5,1,한식-해물/생선
6A6C827737,2,요리주점
6A6D259BD3,0,축산물
6A74F1538A,1,일식-덮밥/돈가스
6A8CEC476E,0,한식-해물/생선
6A9BA67C2E,2,한식-단품요리일반
6AA4F9B857,1,백반/가정식
6B1134ACB2,3,한식-육류/고기
6B1348B076,3,식료품
6B18BE9BFB,3,백반/가정식
6B2F3998CD,0,백반/가정식
6B31815A9D,2,카페
6B3AA25B77,1,치킨
6B3F9F91EA,0,꼬치구이
6B4688F13F,2,한식-육류/고기
6B4A395662,0,백반/가정식
6B516F9C6C,0,백반/가정식
6B57A63A62,2,포장마차
6B61E9F331,0,카페
6B62F6001E,2,커피전문점
6B7B1EE6FA,1,카페
6B8978E14C,3,한식-죽
6B8D1ED40D,0,양식
6B92298A76,1,한식-육류/고기
6B99F5A278,1,카페
6BC713A140,1,분식
6BCA53C20A,2,중식당
6BE89B7997,1,한식-단품요리일반
6BF23575B6,3,한식-단품요리일반
6C1F093FD7,2,베이커리
6C347DBCB1,2,카페
6C3AFD20C1,3,카페
6C3EFED516,1,분식
6C47280EB3,3,축산물
6C51945707,2,백반/가정식
6C51C3210B,3,치킨
6C7874EB50,2,아이스크림/빙수
6C96251704,0,한식-단품요리일반
6CA4937A72,1,떡/한과 제조
6CB3606866,2,커피전문점
6CF34390D0,2,양식
6D023B142B,0,축산물
6D19A5E92A,2,중식당
6D30C7D218,0,중식-훠궈/마라탕
6D320602C6,0,한식-육류/고기
6D331F1EE9,1,카페
6D3DAB1193,1,농산물
6D5D9F5BBD,2,식료품
6D684E1B4C,2,한식-단품요리일반
6D76048445,2,한식-단품요리일반
6D8F7BBA89,1,한식-단품요리일반
6DC52C1CBC,2,와인바
6DE0F0A2A3,2,한식-해물/생선
6DF56DD3F4,0,커피전문점
6DFE8B7651,1,카페
6E069E8678,2,아이스크림/빙수
6E35613130,1,베이커리
6E3F359ACF,0,백반/가정식
6E584F4319,2,포장마차
6E6BD0839D,3,양식
6E8496E346,3,백반/가정식
6E87D8EF74,2,한식-육류/고기
6E89CF4713,1,한식-단품요리일반
6E8A1269CE,1,반찬
6EA068280B,3,분식
6ECC011278,2,이자카야
6ED0C81CE7,0,치킨
6ED6AC9EAE,2,한식-냉면
6ED7CA8900,1,양식
6EF7FADB37,3,치킨
6EFA1D03C5,0,일식-덮밥/돈가스
6F0D9A7C86,3,샌드위치/토스트
6F17AD6277,2,커피전문점
6F2F34ACCC,1,한식-단품요리일반
6F46C2ECBD,3,한식-국밥/설렁탕
6F49465F62,1,농산물
6F534D5C41,2,백반/가정식
6F5E4689DB,1,한식-국밥/설렁탕
6F85E6F670,2,식료품
6F8840FB72,1,한식-죽
6F97F23CDB,2,양식
6F9C8F530D,3,한식-육류/고기
6FA8198679,0,아이스크림/빙수
6FABF4670F,1,한식-육류/고기
6FB12F3636,2,커피전문점
6FBB888389,2,청과물
6FC1133E9A,0,한식-단품요리일반
6FCAE1B526,1,와인바
6FD404C819,1,한식-육류/고기
6FD5401343,0,한식-육류/고기
6FD96578E7,1,유제품
6FDA7613EC,2,백반/가정식
6FDC82A57D,1,한식-단품요리일반
6FDDB51C40,1,백반/가정식
6FE0E66A8A,2,커피전문점
6FEFF6CAA0,0,피자
7001FF8251,1,양식
701E62EE56,1,한식-단품요리일반
7036B6AC6E,0,한식-육류/고기
7042BE8B0B,1,축산물
7069AC584A,2,카페
708697C149,1,한식-단품요리일반
70B13460CE,2,이자카야
70B94E4108,2,베이커리
70C1CDADC9,2,한식-해물/생선
70DB9DA8AB,3,치킨
70E5A42DE8,2,식료품
70F032FFD5,2,커피전문점
7102ACD438,3,양식
712C4A96BB,1,백반/가정식
713EF07634,2,치킨
7149E85111,0,치킨
7162A93F6B,2,카페
7.16E+16,2,한식-육류/고기
71725E8FB3,0,커피전문점
718E770104,2,베이커리
718E77B3A8,2,백반/가정식
71C2A58868,2,일식당
71C48EDE85,3,카페
71CEE18F61,2,식료품
71DF397AB0,3,일식당
71E8C02B1A,3,떡/한과 제조
71F3F05C4E,0,한식-단품요리일반
721715F255,2,베이커리
723DD32135,0,일식-덮밥/돈가스
72466FE427,0,햄버거
7268E7807A,1,축산물
727BA366E7,2,호프/맥주
727C56F5CD,1,동남아/인도음식
727D65C942,2,베이커리
728530513F,1,한식-단품요리일반
7287A93C2B,1,한식-단품요리일반
72AA2FB49E,2,커피전문점
72AC62D037,0,식료품
72DBCB6C77,1,한식-국밥/설렁탕
72DD5ED597,1,일식당
730914BE0E,2,카페
730B956D46,2,중식당
730E4C7574,3,한식-단품요리일반
733563490D,2,요리주점
73583653A0,0,분식
735CDC10F9,2,한식-단품요리일반
735E70DD2F,3,한식-죽
73623D09A9,1,분식
738376575C,2,한식-단품요리일반
73ACE2A1BF,1,축산물
73ADFB70B4,3,양식
73DBE0BFDF,3,햄버거
73EAEB36C5,2,식료품
73F46BB8A3,0,한식-육류/고기
73FBCF7FB1,1,식료품
7403ED5B56,0,백반/가정식
741144A2CD,3,샌드위치/토스트
7416E78F80,2,한식-해물/생선
741A5F2B65,1,양식
7439039EF1,0,카페
743AB5992F,0,분식
7462B564B6,3,양식
746686BA39,3,아이스크림/빙수
747664A81F,3,일식당
747B2FF05E,2,백반/가정식
74A053F902,1,한식-단품요리일반
74CE634D25,2,포장마차
74D5125FD6,1,담배
74E2CC9A6B,0,카페
74E56D3EBE,2,백반/가정식
74F5A7BE5E,0,베이커리
75296C3F60,0,카페
754D53A40B,1,식료품
755CDB3BAB,0,베이커리
755DCC736B,1,한식-감자탕
756011C7B4,1,축산물
7563529BDC,0,치킨
756D7DCEEE,3,카페
7571EA0116,1,한식-해물/생선
758D61445D,0,한식-단품요리일반
759BF53FF1,1,도너츠
75A1F5A452,2,한식-육류/고기
75AC755E3E,2,축산물
75C9AC2BFE,2,일반 유흥주점
75E1602760,0,테마카페
75E3C003BC,2,한식-국수/만두
75E89D6E30,1,축산물
75F4B46777,2,한식뷔페
75F892EF1E,1,한식-단품요리일반
75FA18BD56,3,일식-덮밥/돈가스
75FEAA7D87,2,반찬
7608ABD020,3,한식-해물/생선
761947ABD9,2,한식-육류/고기
7634BB5C6E,3,한식-단품요리일반
7635F397CD,0,분식
7638584FB7,1,치킨
7645F49DBD,0,양식
7656BE5765,1,한식-육류/고기
765AA249BB,1,식료품
7670A96873,0,백반/가정식
7679418849,2,한식-단품요리일반
767D03BC73,1,분식
767F3362ED,1,호프/맥주
768A5CD0A0,1,한식-단품요리일반
768E71CF20,0,샌드위치/토스트
76B71D3DF0,2,한식-육류/고기
770A25491E,0,커피전문점
770CC873E4,0,카페
7727CDA849,1,양식
775E4B34A4,1,분식
776F48CD6C,2,베이커리
777479BC93,1,분식
777CA00C62,3,일식-덮밥/돈가스
77912A90AA,1,한식-단품요리일반
779A336040,0,일식-참치회
77B5670808,3,카페
77CCF7C070,1,한식-해물/생선
77CDCFE833,2,백반/가정식
77DBEC55AD,0,커피전문점
77E24452D3,0,일식-덮밥/돈가스
77E55DE284,3,중식당
77E78C7C26,0,요리주점
77F053DC44,0,호프/맥주
77F596FCF5,0,한식-죽
781D674024,1,백반/가정식
7825F19A1A,0,베이커리
7829A485F0,1,카페
7.83E+09,2,도너츠
78443A3289,2,한식-단품요리일반
785B99118A,0,이자카야
786BDBABFF,3,한식-찌개/전골
7871F0B0DE,2,한식-단품요리일반
788C76269C,1,일식-덮밥/돈가스
78A451E785,0,한식-육류/고기
78B4B81E3F,2,일식당
78BFAC9BF1,1,한식-찌개/전골
78C040B05F,1,양식
78E08EABED,2,분식
790D3285E3,1,축산물
7939D0AA25,1,축산물
79423CC5CA,1,한식-단품요리일반
794735AD42,3,카페
795AAE487C,1,분식
79758BA350,3,한식-국밥/설렁탕
79892ACBB1,2,커피전문점
798CF98A22,2,요리주점
79B22CEF8E,1,호프/맥주
79D27C8940,3,백반/가정식
79D7D3DBF2,2,한식-단품요리일반
79DB6DBBB4,2,커피전문점
79DE8BB0B3,0,식료품
79EBBF0E89,2,카페
79ECEB213D,1,백반/가정식
79F7BABD3E,1,카페
79F8A1BFD2,1,동남아/인도음식
7A193CFDAB,3,이자카야
7A25182C89,2,백반/가정식
7A29E2FB9F,0,커피전문점
7A2D621B50,3,아이스크림/빙수
7A3C729CA2,3,일식당
7A3D6D3CF9,1,식품 제조
7A40C57CE9,1,샌드위치/토스트
7A666E6612,0,와인바
7A6A7EB10A,1,한식-육류/고기
7A922D4172,0,백반/가정식
7AA4E7D85E,2,청과물
7AB74628EA,3,백반/가정식
7ACE2E4135,1,축산물
7AE92B81E6,1,축산물
7AF854D0D5,2,피자
7AFB53D14D,0,한식-해물/생선
7AFF6C86CE,1,카페
7B038FEF47,0,카페
7B133114D0,1,한식-국수/만두
7B396AAF59,2,한식-단품요리일반
7B78BDBDBA,0,한식-국밥/설렁탕
7B846CCF0A,3,분식
7B8E77F9B2,0,한식-육류/고기
7BB9A47821,0,분식
7C36D7F09A,1,떡/한과
7C3795DF2D,2,식료품
7C472E221F,0,요리주점
7C767063D2,2,양식
7CD2C4CE8C,3,카페
7D0EEB730E,1,한식-단품요리일반
7D27EA6A09,0,중식당
7D29798181,1,축산물
7D2B5253F5,3,일식당
7D3670AAC1,3,한식-해물/생선
7D41119FA7,1,한식-육류/고기
7D42A19B65,3,베이커리
7D48C168B3,3,카페
7D693A219F,1,농산물
7D6E8687AA,1,백반/가정식
7D6F493369,0,한식-육류/고기
7D728F3B80,1,치킨
7D81241546,3,한식-육류/고기
7D812F3CC3,2,커피전문점
7D86CADAA6,1,축산물
7D998A4E45,0,일반 유흥주점
7DD84417BD,0,한식-단품요리일반
7DEB8C0391,2,베이커리
7DECE5D4FD,3,축산물
7DF4881E0F,2,한식-해물/생선
7DFEFACC2E,3,일식당
7E1DD52BF1,2,카페
7E27181707,2,베이커리
7E39BD7D1A,3,이자카야
7E5AA284CE,2,백반/가정식
7E63F9E0CF,2,카페
7E6B28839A,2,분식
7E6F88E6D1,1,한식-단품요리일반
7E78A7C976,2,커피전문점
7E7BE1BF67,1,일식당
7E8084659F,0,양식
7E8F21B9A8,3,한식-육류/고기
7EA392124A,2,치킨
7EAC320AA6,1,농산물
7EAF110EFF,1,한식-찌개/전골
7EB27EF0B4,2,베이커리
7EC6C6C075,1,이자카야
7ED39D1A53,1,한식-육류/고기
7EE617798C,0,중식당
7F0EB59719,2,한식-단품요리일반
7F155740AA,2,카페
7F2B4924B4,3,축산물
7F5C64F29B,1,식료품
7F5F0D0F33,0,커피전문점
7FB3EF9274,2,일식당
7FBBD87F5E,2,한식-육류/고기
7FC37F0D91,2,아이스크림/빙수
7FC483F27A,3,식료품
7FCF23E6F3,3,아이스크림/빙수
7FD59667F6,0,백반/가정식
80012F987D,2,카페
801E357409,0,식료품
802DF1F491,3,피자
80498D20B0,0,한식-단품요리일반
80652DABB6,1,떡/한과 제조
80839BC327,2,와인바
80847B8A08,3,농산물
808E997108,3,카페
80920DEE31,3,카페
8098CCE4CA,1,축산물
809AD8FA0F,2,치킨
809BEAA13A,2,카페
80B55AD69E,2,분식
80D43FAFB4,0,중식당
80DB1CE0EE,1,와인바
80DB3D6336,2,피자
80E637212D,0,커피전문점
80EC87C6D8,2,식료품
80F02261CF,1,요리주점
81109044D7,1,한식-단품요리일반
81135EEC23,2,한식-찌개/전골
81159E8CD8,3,축산물
811AC91E1F,2,분식
811C8862F1,2,한식-단품요리일반
812202E747,3,한식-육류/고기
8123742D88,0,축산물
812F84AF3D,3,피자
81502BD7CA,3,아이스크림/빙수
8150B24EAD,0,일식당
81591BC56A,1,식료품
816261F28B,1,아이스크림/빙수
816828B7F6,2,한식-국밥/설렁탕
8177FA0EF1,2,카페
81789768D6,1,중식당
8187702080,1,베이커리
81920AB1D5,2,베이커리
8194D2104C,0,청과물
819DFB541A,1,식료품
81A9553F88,2,카페
81C425F47D,3,카페
81C55F8941,1,축산물
81C9699D0D,2,동남아/인도음식
81E3DAF03B,1,한식-단품요리일반
81F1EA7323,1,한식-국밥/설렁탕
81FB160AA4,2,미곡상
82090124F0,1,카페
820A26A28C,2,한식-육류/고기
821200D58F,3,일식당
8219FA9E99,2,한식-국수/만두
8221C4D066,1,한식-국수/만두
8234005757,1,담배
82383253D7,1,피자
823EAE1BFC,1,축산물
825BEADB27,2,일식당
825CCFE2CE,1,축산물
827A8265A3,0,분식
82917C822C,0,한식-단품요리일반
82951B7A54,1,양식
82AE38978E,3,일식당
82B3D8ED9E,0,호프/맥주
82D491E6AB,3,커피전문점
82E38303DD,3,양식
82E74E7BC1,1,백반/가정식
82F292A867,3,식료품
82FE8B6C05,1,한식-육류/고기
830D91CD85,1,치킨
831DD29FAB,1,카페
832EC92421,1,치킨
8334F2D489,3,샌드위치/토스트
833D6DB650,0,한식-단품요리일반
83452EE395,1,요리주점
837F9F44DC,1,아이스크림/빙수
838461E308,0,백반/가정식
83900DDFE0,1,축산물
83A0FDAFA7,2,축산물
8425C2D133,0,한식-육류/고기
842D25724F,2,커피전문점
84407A0DDB,0,분식
844744615F,1,백반/가정식
844C36220E,1,한식-육류/고기
844FB79595,2,축산물
8452B8C46E,0,농산물
8453597178,2,피자
84590CFA26,3,아이스크림/빙수
84645AB900,1,양식
84768B892E,1,이자카야
848399AA13,3,한식-육류/고기
84840BD483,3,한식-육류/고기
84C2CF5A0F,1,축산물
84C49C7222,1,한식-육류/고기
84C667217B,2,한식-해물/생선
85042E07C2,2,중식당
85265A7A7A,2,한식-육류/고기
8532370698,1,포장마차
8532D4C362,3,카페
85630A8BAA,1,축산물
856F0FE484,2,한식-국수/만두
857B7267B0,0,베이커리
8580604818,0,분식
85A3A72B48,2,한식-육류/고기
85AE872C0E,2,식료품
85B1514422,1,축산물
85C6B72386,0,커피전문점
85D8F9D9BB,2,백반/가정식
86129404BB,0,커피전문점
86167864F2,2,일식당
86263312C9,3,샌드위치/토스트
862A6A9582,2,한식-단품요리일반
863104F16A,3,한식-육류/고기
8634C80463,0,룸살롱/단란주점
8640E83EC0,2,축산물
864DADCA45,2,백반/가정식
867564A1CD,3,백반/가정식
868FFBF701,2,일식당
869B2C170B,3,일반 유흥주점
869C372EFC,1,카페
86B7149C4A,2,분식
86C00477EB,2,룸살롱/단란주점
86D0C43DB4,1,농산물
86D332A825,0,샌드위치/토스트
86D853E501,1,식료품
86D8C44904,1,양식
86DFE48F6F,1,일식당
86EC52846C,1,동남아/인도음식
870775BC01,0,한식-육류/고기
8710E5DDEE,0,포장마차
8722E9522F,3,일식-덮밥/돈가스
8749D150F3,1,한식-해물/생선
874FCFE46F,2,한식-육류/고기
87500B57DE,2,동남아/인도음식
875116B12A,1,떡/한과 제조
87569153FF,3,한식-육류/고기
877441E8F5,2,베이커리
87BD99FCEF,2,동남아/인도음식
87CD1EAFC6,0,백반/가정식
87D1FC164F,1,피자
87E8D36DE6,3,백반/가정식
87EDA03BF6,2,호프/맥주
87EDAB1CB3,1,호프/맥주
87F32C98C1,1,청과물
88106077FD,3,카페
88187168C9,2,한식-국수/만두
882533C9E4,0,백반/가정식
882C56DA42,2,중식당
88324FFE01,0,백반/가정식
88375A5971,2,분식
8839A42F11,1,룸살롱/단란주점
884843D6AE,0,한식-해물/생선
885A9CCE76,0,와인바
8.87E+21,2,와인바
88714937FD,0,한식-국수/만두
887F609C60,1,한식-육류/고기
8884E46F9D,0,중식당
888828B4FB,2,식료품
8894E49C2B,0,한식-육류/고기
88B36E48D9,1,룸살롱/단란주점
88D02E190E,2,일식당
88DDED98E7,0,베이커리
88E4663BB3,1,한식-단품요리일반
88E81CCBFD,2,식료품
88F30EBFE9,1,한식-냉면
890A5CC5E0,1,백반/가정식
891AEAE4A4,0,포장마차
892B53ACE9,0,백반/가정식
8934C5353C,1,백반/가정식
8939E02566,0,일식당
893B7A1CDB,3,분식
893D79E6DA,1,중식당
8941E2A3A0,0,축산물
894B24DE7E,1,한식-해물/생선
895BBD5C5B,2,카페
8960400ECA,1,베이커리
896B3E4961,0,식료품
8980D26E8D,1,백반/가정식
8985D82F2F,0,미곡상
898632E7CF,1,일식당
89D3C820E9,2,카페
89D9C04122,3,일식당
89DFC2D95C,1,백반/가정식
89E10906CA,2,중식당
89F36844AE,1,커피전문점
8A26E12861,0,한식-찌개/전골
8A38507519,2,일식당
8A4528C2DE,1,한식-국밥/설렁탕
8A5378CE22,2,커피전문점
8A9ADB6743,2,양식
8AA06764E9,0,반찬
8ABD74319E,0,룸살롱/단란주점
8ACBECB172,0,샌드위치/토스트
8ACE476158,2,호프/맥주
8ACF85E477,3,양식
8AD0AE30E8,3,한식-육류/고기
8AD6B5D807,0,치킨
8B0A9AC171,3,카페
8B132478F2,1,한식-단품요리일반
8B137D6875,0,일반 유흥주점
8B1D7FD077,0,한식-육류/고기
8B23667254,1,카페
8B4134D934,3,일반 유흥주점
8B9E003063,2,양식
8BA38E4DD1,2,일식-덮밥/돈가스
8BA83008CB,0,커피전문점
8BA8BCCA0D,3,커피전문점
8BB9732BBC,1,식료품
8BD1977593,3,치킨
8BD25C78F3,0,일식당
8BD86B08D1,1,백반/가정식
8BF6153353,1,백반/가정식
8BFD98E420,0,한식-해물/생선
8BFDD0339E,3,카페
8C0919784F,2,양식
8C29C85978,1,양식
8C3A8E3FD0,1,베이커리
8C57DE46AA,2,중식당
8C6E34858D,2,한식-단품요리일반
8C8645E2B5,0,일반 유흥주점
8C96D7ED90,2,카페
8C98E1C09B,0,피자
8CA0382A69,2,카페
8CA6B75925,2,요리주점
8CA71260B2,2,분식
8CF0FD6C6A,0,한식-해물/생선
8CF39A31E0,2,일식-샤브샤브
8D0193EAB3,3,백반/가정식
8D18C2E99F,2,카페
8D1EB6E432,3,한식-육류/고기
8D25E9227C,1,한식-해물/생선
8D2F0E9170,2,한식-단품요리일반
8D3B01376B,2,축산물
8D4E12726C,2,아이스크림/빙수
8D50B47A2E,1,미곡상
8D65C5B594,2,아이스크림/빙수
8D7C69A199,1,커피전문점
8D8246AFD2,3,아이스크림/빙수
8D93FA8AF3,2,베이커리
8DD2137D28,0,요리주점
8DDCE4944D,1,카페
8DF11B2C5A,2,양식
8DFBA8E48F,0,한식-국밥/설렁탕
8E1FCF09CD,2,분식
8E2D448FF9,1,축산물
8E3ACDFC79,2,한식-국수/만두
8E3B9888E3,2,커피전문점
8E6AC8C283,0,한식-국수/만두
8E6C738921,1,치킨
8E8B1D725E,0,한식-단품요리일반
8EA61A843E,1,아이스크림/빙수
8EAFB1D483,2,치킨
8EC31C80FF,1,백반/가정식
8ED47EF2DD,1,한식-해물/생선
8ED8FEB618,3,아이스크림/빙수
8EDC8EDB1E,1,한식-국수/만두
8EE88EAB44,3,백반/가정식
8EE981921E,1,치킨
8EF97B1238,1,일반 유흥주점
8F05244173,1,베이커리
8F1003CA95,2,분식
8F1BE98A86,3,한식-단품요리일반
8F21F5ED8C,2,일식당
8F2E3CF4D7,2,축산물
8F48DAD41C,0,호프/맥주
8F5D58EB68,2,한식-단품요리일반
8F61B3A0B2,1,식료품
8F6BDD4F8F,1,호프/맥주
8F6C066370,3,축산물
8F726BF561,2,한정식
8F7DEDE719,1,호프/맥주
8F839093AF,3,한식-육류/고기
8FD5E8CD5C,3,백반/가정식
8FF6E51D2C,2,청과물
90224EC511,1,치킨
9029249DA3,3,카페
9041A4EB80,2,카페
9042A5401C,2,카페
90644ECF42,2,카페
9070B8640F,0,한식-국밥/설렁탕
90825ECD46,2,식료품
908B8FB682,2,백반/가정식
9092940228,0,분식
90A64A1805,2,베이커리
90A718A704,0,베이커리
90AFF4E6B1,2,호프/맥주
90B44E35DE,1,한식-해물/생선
90BB88D55E,1,요리주점
90C18D7863,1,축산물
90C54E3D50,1,베이커리
90D9F5AEB2,1,와인바
9113E6AA56,0,축산물
9133ECC312,0,주류
9149125725,1,양식
91674C873A,0,한식-단품요리일반
916A68D648,0,한식-단품요리일반
9174DFCA58,0,일반 유흥주점
9192973649,2,축산물
9194148F99,1,양식
91988A5415,2,베이커리
91BC1C6D21,0,일반 유흥주점
91BD541A0F,2,호프/맥주
9215C7F055,1,한식-육류/고기
9.22E+12,3,일식당
9218EE2A57,2,카페
921F25CC9D,1,청과물
92319F9F84,3,분식
923C5B0B85,2,중식당
925AC1B723,2,백반/가정식
92615FFF8B,0,치킨
9287BD85F2,3,호프/맥주
929615BC0A,0,커피전문점
92ACC6CE0C,1,한식-국밥/설렁탕
92AE5ED1DA,2,백반/가정식
92B0D7B1BB,1,요리주점
92B5E6E8E9,2,양식
92D902E4D5,0,축산물
92FF17F070,0,한식-단품요리일반
9300D17DDE,2,한식-육류/고기
9304FF81A2,2,한식-국밥/설렁탕
9313D39511,0,농산물
9314CB7768,2,한식-육류/고기
932E799577,2,양식
932F4562E9,3,양식
933122CC60,2,분식
9345D90AE7,2,한식-단품요리일반
9350A78BD7,1,꼬치구이
935994591A,0,축산물
936ABF3C7F,0,한식-육류/고기
9371F76478,3,백반/가정식
937948A121,2,백반/가정식
9385DC7BDB,2,백반/가정식
93BD9DB8F1,2,치킨
93CECB5143,0,양식
93D9B9CC54,0,축산물
93DD2BDC37,0,한식-해물/생선
93EC04859E,3,한식-단품요리일반
93F44D89BB,0,백반/가정식
93F595E5D2,0,한식-단품요리일반
9402DC5480,1,양식
94128748C0,2,치킨
942B127362,1,백반/가정식
943BBD5F30,3,테이크아웃커피
94502BA9DC,1,카페
946258597D,2,한식-육류/고기
946BE40BF1,2,일식당
9476AD97B9,0,축산물
94795C00AE,0,중식당
94864656C3,2,한식-육류/고기
94AC53C528,0,한식-육류/고기
94B04233D8,2,한식-해물/생선
94B1AD89FE,0,백반/가정식
94C8165F35,2,백반/가정식
94D1FFE0F6,1,일식당
94F3CA422B,1,백반/가정식
950EA7A1A2,2,백반/가정식
953592B09D,3,이자카야
95697BBAEC,3,아이스크림/빙수
9592C66510,1,백반/가정식
95B2C3A482,3,아이스크림/빙수
95C390B637,3,카페
95CED9DF82,1,분식
95E0DF59CC,1,양식
95EBE36D82,1,식품 제조
96029D2561,2,일식당
9608F27C4D,1,한식-단품요리일반
9635DC4359,1,축산물
9.64E+51,2,중식당
9643B485DF,2,커피전문점
9656D883D6,0,한식-육류/고기
966680A20F,0,커피전문점
96694B7FF6,3,일식당
96728A7226,2,카페
9676184554,1,베이커리
9676392FCC,0,건어물
968834B420,1,한식-찌개/전골
969C25043A,0,베이커리
96A00BF6D0,3,베이커리
96A6277F2E,2,한식-냉면
96AD55E474,2,한식-단품요리일반
96BE5D7758,1,한식-육류/고기
96CC46E113,3,카페
9710E13DA5,0,한식-단품요리일반
972280B725,1,백반/가정식
9734D7A3A7,2,한식뷔페
9743B78531,2,양식
9748DB8705,2,담배
9749F65AAB,1,한식-단품요리일반
975338EB45,2,햄버거
97583174C1,0,포장마차
975CAF71FE,2,축산물
9763A314E7,1,한식-해물/생선
9769F49AB2,1,축산물
97852377C5,2,치킨
978A3E2554,2,백반/가정식
97BB136954,2,한식-육류/고기
97D87E3C1B,3,백반/가정식
97F13CDA75,3,일식당
97F4462B0F,3,한식-단품요리일반
97FAE8D665,2,한식-육류/고기
98320C58CB,0,호프/맥주
98356F2FBA,2,한식-해물/생선
9845793AAE,2,중식당
984E520E5D,0,일반 유흥주점
9852E1C1E8,2,한식-해물/생선
9853358A8C,1,치킨
9869644D22,1,축산물
9892E5745E,1,농산물
98ACFD8C28,2,한식-해물/생선
98BA99BFE9,0,축산물
98C0A088C7,3,농산물
98C1A0A96B,0,일식-덮밥/돈가스
98C7FA4198,3,백반/가정식
98C81699B7,0,일식-초밥/롤
98FBEBF96C,2,분식
9911CB0D95,0,카페
9918AC572D,2,베이커리
991AACE110,2,요리주점
9934EF5B85,3,한식-단품요리일반
9952AAC240,2,베이커리
995AA17CD7,1,축산물
995D6B6C92,2,카페
995EDF27A3,2,베이커리
9.97E+102,3,카페
9972114004,2,카페
99730CC7C5,0,요리주점
9977D38E3F,2,샌드위치/토스트
9978494070,2,일식당
998702EE5E,2,축산물
99973542B9,2,카페
999B6B5297,2,분식
99A8865F14,2,떡/한과 제조
99C504D739,2,아이스크림/빙수
99DD3929E7,2,한식-해물/생선
99EA6AF2C9,2,한식-육류/고기
99FF67EFD4,2,한식-육류/고기
9A012C0993,1,식료품
9A0EC55599,2,커피전문점
9A27CDDD2A,1,커피전문점
9A2D5845EB,1,한식-육류/고기
9A37DEDA8A,1,한식-감자탕
9A40BD3F2E,2,한식-단품요리일반
9A4D14C1AA,0,치킨
9A56B5D116,2,백반/가정식
9A64F9D3E4,2,양식
9A71D71270,1,식품 제조
9A750B743F,2,백반/가정식
9A9106F100,1,축산물
9A9ADB69FB,2,카페
9A9F63379E,3,한식-육류/고기
9AA2D092B7,2,아이스크림/빙수
9AB9BE98E4,2,카페
9ABB023176,2,일식당
9AC64E44C1,1,백반/가정식
9AD3FE4011,2,아이스크림/빙수
9AE54FE931,2,베이커리
9AFD0B9DFA,1,일식당
9AFEF6448B,3,카페
9B061FC959,3,치킨
9B0DD78098,3,한식-해물/생선
9B39FC5C56,2,한식-육류/고기
9B4EED47A6,2,한식-육류/고기
9B6F07D54C,3,한식-육류/고기
9B746411BA,3,백반/가정식
9B74A58D26,1,베이커리
9B75EF851F,3,식료품
9B88CEAD32,2,한식-단품요리일반
9B97EB469A,3,분식
9B9E1448A4,2,식료품
9BA9EBEA37,2,한식-육류/고기
9BF052D283,3,식료품
9C1036E322,2,일식-덮밥/돈가스
9C19A99FAE,3,일반 유흥주점
9C2549FF31,1,농산물
9C3495D73F,0,도시락
9C38AF2E2C,2,한식-죽
9C3EC0EDDC,2,카페
9C542A99A9,2,치킨
9C580867E4,1,축산물
9C5E0BDC5F,1,농산물
9C602C8E96,0,요리주점
9C94746856,1,치킨
9CAEFAC424,0,한식-육류/고기
9CC514117B,0,한식-찌개/전골
9CD0B652B8,1,인삼제품
9CD4728087,1,한식-육류/고기
9CF8A5D7BA,3,한식-육류/고기
9D085B6A2F,0,백반/가정식
9D1FE7C12C,0,식료품
9D2AB94FB8,1,한식-육류/고기
9D2CF29F75,1,일반 유흥주점
9D2DDAAB87,1,백반/가정식
9D2E924E3E,2,동남아/인도음식
9D343EC3C4,1,식품 제조
9D398728FE,3,한식-단품요리일반
9D63C0B760,3,양식
9D72F83B30,1,농산물
9D837FF7F3,2,한식-육류/고기
9DA9844737,3,커피전문점
9DB54B4166,2,한식-육류/고기
9DB801DF04,1,포장마차
9DB8C036CD,1,포장마차
9DBBC0BC17,2,커피전문점
9DE30019C9,2,커피전문점
9DE5AC9FFD,0,커피전문점
9DF1B9E016,2,베이커리
9DFF61DC0F,2,일식당
9E02C6BC7C,2,일반 유흥주점
9E0BA26F39,0,한식-해물/생선
9E161EE38E,3,동남아/인도음식
9E1B58CB83,1,한식-단품요리일반
9E2D544C88,2,포장마차
9E304D405E,1,일식당
9E3A686B70,3,베이커리
9E3D0E7F50,3,동남아/인도음식
9E3E2C654F,2,커피전문점
9E4161542A,1,식료품
9E60F0517D,2,반찬
9E656CB539,3,축산물
9E719E496C,2,카페
9ED42062FD,0,카페
9EE29A7918,0,수산물
9F05CCB29C,2,농산물
9F081EE339,0,호프/맥주
9F2544F7AA,2,피자
9F2719B624,1,요리주점
9F35038F41,3,일식-샤브샤브
9F3DC019F2,0,한정식
9F42371A46,2,커피전문점
9F5031D2E1,3,일반 유흥주점
9F524F74CC,1,한식-해물/생선
9F5EE1AC15,1,치킨
9F71F05B15,2,한식-단품요리일반
9F7E6E0B21,0,카페
9F920B9CA9,0,베이커리
9FA86D6876,3,한식-국수/만두
9FBE5BF7CF,1,커피전문점
9FE4CA2E40,2,중식당
9FF4B1EA10,3,일식당
9FF6A227B7,1,한식-단품요리일반
9FF9872DBD,0,치킨
9FFE31B3A0,2,꼬치구이
A026B58660,1,양식
A03C9ACB92,3,한식-육류/고기
A05282EFE7,3,식료품
A0615EE5D9,2,한식-단품요리일반
A08E13694C,0,백반/가정식
A0995D635E,1,축산물
A0A1FF8F0B,3,카페
A0BBC6838F,1,축산물
A0C37B29DA,1,축산물
A0CE4F5DE8,1,식료품
A0EB1A75A7,1,한식-단품요리일반
A0ECC5DBE5,3,샌드위치/토스트
A0EDA785C0,0,요리주점
A0F7C57228,2,한식-해물/생선
A0FFF7EBFF,1,일식당
A107D94EC1,1,호프/맥주
A117CDA53E,2,한식-단품요리일반
A149A462C3,3,아이스크림/빙수
A153724F2C,2,일반 유흥주점
A1546D188A,1,한식-육류/고기
A162796238,0,한식-육류/고기
A17BCB86AE,0,한식-육류/고기
A1886B3C8E,1,카페
A194A2CDE5,1,농산물
A1A28A186C,3,일반 유흥주점
A1A793329B,1,샌드위치/토스트
A1B1D7C33E,3,일식-덮밥/돈가스
A1B826773C,1,축산물
A1DD765AC4,3,한식-찌개/전골
A1EFA7F3A4,1,반찬
A1FFD25FC7,2,한식-육류/고기
A23C892A48,3,수산물
A242CDED34,3,한식-육류/고기
A248404D2E,1,이자카야
A256E0BDFC,1,한식-육류/고기
A294998B2B,0,분식
A2974AB3F0,1,축산물
A29B6BBC99,3,양식
A2A41AAC50,0,카페
A2BE23B78B,2,주류
A2C52B6B6A,2,한식-단품요리일반
A2D9C941A9,0,커피전문점
A2DEC8B8B8,0,식료품
A2E3C22A56,0,한식-국밥/설렁탕
A2ECEC9C8C,3,축산물
A2F31AB139,3,한식-단품요리일반
A306307EAE,2,백반/가정식
A317F15BD9,1,한식-단품요리일반
A31F4B0838,1,와인바
A3298F3389,3,백반/가정식
A33442D657,1,카페
A3550D0BEC,2,일식-덮밥/돈가스
A35823D681,2,베이커리
A364FF986F,3,일반 유흥주점
A3729FF322,2,한식-해물/생선
A3801B70AE,3,분식
A40A42D539,1,백반/가정식
A412739857,3,카페
A41AFFA748,2,한식-육류/고기
A42F386CE4,2,포장마차
A4369EE806,1,반찬
A43C78D6AE,0,백반/가정식
A43D9F5A0D,0,베이커리
A4554B2296,2,한식-육류/고기
A462C0C36E,1,식료품
A479497AF2,2,일식-우동/소바/라면
A4A1BC46DF,2,카페
A4A6A57812,0,한식-육류/고기
A4B6E8F2A9,3,농산물
A4B767188E,0,한식-해물/생선
A4B8D9B260,3,이자카야
A4CF81DD03,2,한식-육류/고기
A4D5BDDEDF,2,백반/가정식
A4FE771AB2,2,호프/맥주
A50A5265C1,2,카페
A523C21333,0,일반 유흥주점
A5252A18CF,1,축산물
A54A81ABB2,2,한식-냉면
A54C5C9D46,0,백반/가정식
A55F21CAF1,1,백반/가정식
A5655985BD,2,백반/가정식
A565901532,2,베이커리
A5905A359E,1,피자
A5BF54D22B,0,인삼제품
A5C5B7E719,0,반찬
A5D4128C49,2,한식-단품요리일반
A5DA4E1003,2,양식
A5DC44A844,0,카페
A5FE1B0CC9,0,한식-단품요리일반
A60B207360,2,한식-국수/만두
A61BA685E8,0,한식-해물/생선
A62225962A,2,피자
A6277E8E47,1,축산물
A6324E2F43,0,한식-단품요리일반
A65F31C273,2,아이스크림/빙수
A66BAF7A4E,2,일식당
A66E664F52,0,한식-단품요리일반
A690F78364,1,수산물
A6964F8879,1,축산물
A69C8FE49A,3,일식-샤브샤브
A6A47A48A2,3,양식
A6BE3DEBC5,1,일식당
A6CA3DD492,1,주류
A6D6C995BD,3,백반/가정식
A6EA097570,1,요리주점
A6EB992C6A,3,청과물
A6EDA7FB67,2,떡/한과 제조
A6FFB4295C,2,백반/가정식
A72A1DD952,1,베이커리
A730AA5039,1,햄버거
A7429A4A77,1,축산물
A75CE5A018,0,축산물
A776C445D3,3,햄버거
A787679642,1,카페
A7882F4EF8,2,치킨
A78C867800,3,중식당
A7B5BBED77,3,한식-국수/만두
A7BC78E695,2,카페
A7C2307794,2,한식-두부요리
A7C2991F57,3,일식-덮밥/돈가스
A7CC40BE1E,2,한식-해물/생선
A7CC582C60,0,베이커리
A7D92FCCC6,2,한식-단품요리일반
A7E8121B70,0,분식
A7F9CAA110,0,한식-육류/고기
A806AFD650,3,베이커리
A8288C7C45,2,이자카야
A849839BC8,1,축산물
A864979D3D,1,양식
A869CB21ED,0,한식-육류/고기
A8709C1FC5,0,축산물
A882497D4A,1,식품 제조
A88840BB81,0,한식뷔페
A88E00AF74,2,베이커리
A8934A6565,2,분식
A89BEC57A0,0,커피전문점
A8A809016A,1,카페
A8B5572DE8,0,백반/가정식
A8D93F0376,2,식료품
A8F5102FC7,2,백반/가정식
A902A53272,2,분식
A92168F09C,0,분식
A9242223C7,0,포장마차
A92743CA52,1,카페
A93F318601,0,요리주점
A973A20431,2,양식
A9897F7C55,3,주스
A9A709201B,0,햄버거
A9B8207363,1,카페
A9C97F11F5,1,한식-단품요리일반
A9E4FFF531,2,한식-국수/만두
A9EDBF95B0,1,한식-육류/고기
A9F6CC9185,2,호프/맥주
A9FCCF1023,1,호프/맥주
AA00E76A54,0,베이커리
AA062AE1FC,0,일식-덮밥/돈가스
AA108C530C,1,포장마차
AA2334143C,2,한식-찌개/전골
AA24604161,0,일식-우동/소바/라면
AA315D04DD,0,식료품
AA351B2BFF,3,커피전문점
AA429ED22A,2,호프/맥주
AA5A44BFF2,2,한식-육류/고기
AA673185F3,1,백반/가정식
AA8C19329D,2,중식당
AAA62C4412,1,햄버거
AAA80B422A,2,이자카야
AAB23F8C3E,1,동남아/인도음식
AAC0448147,3,한식-국밥/설렁탕
AAC3D4597D,1,축산물
AAE6F17DA3,1,한식-해물/생선
AAEED00881,1,축산물
AB0716250B,1,한식-육류/고기
AB0A569DCA,2,호프/맥주
AB0B0395C8,3,일식당
AB68D92311,0,치킨
AB7C12DD2E,0,축산물
AB86B46958,3,축산물
AB962133CC,2,한식-국수/만두
AB9C75D921,1,호프/맥주
AB9E1046C2,1,청과물
ABB4516DD1,2,축산물
ABBBDF19AC,1,아이스크림/빙수
ABD0A001AF,3,요리주점
ABD2B4F420,2,치킨
ABD760AB85,3,한식-단품요리일반
AC38610082,1,일반 유흥주점
AC3DCE45BE,2,커피전문점
AC58EEAF8F,1,피자
AC6B3827B8,0,한식-육류/고기
AC6E8AC491,2,축산물
AC70EA0FCD,2,중식당
AC8D66E0C8,1,백반/가정식
AC98B923AE,2,아이스크림/빙수
ACA6852B94,3,식료품
ACC0BA1B1B,1,한식-육류/고기
ACC89DAC44,1,축산물
ACD79FDC67,1,한식-국밥/설렁탕
ACDE665CFC,2,치킨
ACEE39AB64,3,베이커리
ACEF75732F,2,중식당
AD016521BB,2,치킨
AD045C18E5,1,카페
AD0F358619,2,카페
AD22A7162D,2,축산물
AD3A7FC51E,2,중식당
AD4AB01B65,2,일식당
AD57E72BC9,0,카페
AD5BBEFD72,1,일식-우동/소바/라면
AD5F5FFA6F,2,호프/맥주
AD692634A2,2,한식-단품요리일반
AD8ADF090E,2,분식
AD9274D19D,3,일식당
AD98FC8B76,1,룸살롱/단란주점
ADD9CCF7A2,2,백반/가정식
ADE05152B3,2,일반 유흥주점
ADF92BAABD,1,한식-육류/고기
ADFA98CFBF,1,분식
AE0203735E,1,한식-육류/고기
AE28C5ED57,3,치킨
AE41AF8C70,0,한식-단품요리일반
AE54B681DC,2,카페
AE732EF39B,1,요리주점
AE73D0174A,1,일식당
AE8886AFC8,2,한식-해물/생선
AE9390EB40,1,축산물
AE9397E158,0,분식
AEA94BDAF5,2,한식-단품요리일반
AEC1C59A9D,3,중식-딤섬/중식만두
AEDB32EDA4,1,축산물
AEE017222D,2,한식-해물/생선
AEE4ACBA39,0,한식-단품요리일반
AEF0DF6708,0,커피전문점
AF043B6773,2,중식당
AF1096FAF2,3,일식-덮밥/돈가스
AF12407D8A,2,카페
AF1AD2ECAD,2,중식당
AF202842B3,1,카페
AF2404C4F8,2,한식-단품요리일반
AF2688FD34,2,한식-육류/고기
AFD575EAD3,0,축산물
AFD6BFB090,2,한식-육류/고기
AFFE78AA17,1,축산물
B00E0D8C60,3,한식-육류/고기
B0177B88BD,1,한식뷔페
B017B263BC,0,베이커리
B01C36F034,0,일식당
B021B15DA5,0,햄버거
B0292898CE,1,한식-육류/고기
B03818B768,1,일식당
B05164E417,2,백반/가정식
B05183195E,2,한식-단품요리일반
B06B36EBCC,2,한식-육류/고기
B0733AADEF,0,한식-찌개/전골
B08C05B8DC,1,한식-국밥/설렁탕
B0A495C967,2,치킨
B0A6B628D3,0,커피전문점
B0B5E9F0A8,0,한식-국수/만두
B0BF2F0AB2,1,카페
B0C882072B,2,호프/맥주
B0E400DBAB,2,한식-해물/생선
B0FAF5B316,3,떡/한과 제조
B101875C3F,3,샌드위치/토스트
B113A0DC35,1,카페
B11D3238E3,0,한식-육류/고기
B14CA968AE,3,백반/가정식
B162012869,1,일식당
B1640E51DF,1,한식-단품요리일반
B16991A830,3,한식-단품요리일반
B169AE01FF,2,백반/가정식
B170208380,0,피자
B17C13DDBE,3,양식
B1A685CB2A,3,카페
B1A8FD3571,2,피자
B1AD8ED803,3,한식-해물/생선
B1B6F5EE0C,2,일식당
B1EF04652A,2,한식-육류/고기
B1F6E35E99,3,한식-육류/고기
B2097EA52F,3,백반/가정식
B215092E54,3,분식
B2240E407A,0,카페
B2319196A9,3,커피전문점
B23694E88A,1,축산물
B2378AFA3D,0,한식-감자탕
B239A919FA,3,축산물
B24D425CDE,2,분식
B258F812BE,2,일식당
B2672BB7CB,3,한식-육류/고기
B269C5084C,1,양식
B2781768EE,1,카페
B2A47557AD,3,치킨
B2A570260C,0,식품 제조
B2AFB01CC4,1,한식-단품요리일반
B2B0A6FE69,1,축산물
B2DA05F4F2,1,한식-단품요리일반
B2E0EBD449,2,한식-국밥/설렁탕
B2FEC8DC0B,1,축산물
B2FF6DD7D1,3,일반 유흥주점
B30333D048,1,치킨
B3116E5135,0,치킨
B3301EF2AC,1,한식-냉면
B331A6B056,3,분식
B33DBE6CAA,0,한식-찌개/전골
B34F7214E8,0,요리주점
B3517137A0,0,한식-육류/고기
B35562BF7A,0,한식-육류/고기
B360E93D13,3,식료품
B3628DE20B,2,와인샵
B372695116,3,백반/가정식
B384999F4C,0,중식당
B3A70AB07E,1,백반/가정식
B3A7F2509A,1,축산물
B3CE00A387,2,한식-육류/고기
B3DAD00A6C,3,카페
B3E898AB24,2,도시락
B3F2BA9905,2,백반/가정식
B3FEDC6A1C,3,한식-육류/고기
B437763A97,3,카페
B4760EE910,2,호프/맥주
B4A7FA3204,0,건강식품
B4AE01B8FB,2,축산물
B4C8D0B6AD,0,카페
B4F160AD97,1,와인바
B4FE75E894,0,식료품
B50F3C905B,2,백반/가정식
B51D3CC6E0,1,백반/가정식
B528BA693F,3,한식-단품요리일반
B53E9730C4,2,아이스크림/빙수
B53EDBB2ED,1,한식-단품요리일반
B54D21E03E,3,한식-단품요리일반
B54DCE8BEF,3,식료품
B584924DB0,0,식품 제조
B5985767EC,0,농산물
B5A64F8167,1,한식-육류/고기
B5A87E019D,1,요리주점
B5AD8350EE,2,한식-찌개/전골
B5AFB737F5,2,카페
B5B9521F58,3,한식-육류/고기
B5D809A744,2,한식-국밥/설렁탕
B5DDFE115A,3,식료품
B5E96D7BB4,2,카페
B5F66DDC32,1,일식-우동/소바/라면
B5FA7D1201,0,주류
B602E6FF55,2,인삼제품
B615F252E2,0,베이커리
B638F301B1,2,식료품
B64B92DCCE,2,식료품
B6660D3A83,0,한식-육류/고기
B671472E12,2,백반/가정식
B683D261A6,2,치킨
B6B2A9463B,0,일식당
B6B42FF4A3,2,백반/가정식
B6CBC8DA9A,3,이자카야
B6CE608009,3,식료품
B6D9ACF9C9,1,축산물
B6EC787096,0,축산물
B72212ED1C,1,요리주점
B72347F20F,3,한식-단품요리일반
B723E3740D,1,일식-참치회
B7277086F3,2,축산물
B74BDE56CF,2,식료품
B7564CFF4B,1,한식-단품요리일반
B75F0C155E,1,식품 제조
B78082EBDD,0,베이커리
B791125FD3,3,청과물
B7958D77E3,1,동남아/인도음식
B7970DDBAC,1,건어물
B79977740A,2,식료품
B7A05D56C7,2,한식-육류/고기
B7AFE65713,2,동남아/인도음식
B7BB25BF59,0,룸살롱/단란주점
B7BCECAB53,3,한식-육류/고기
B7C0ECA3FB,2,한식-국수/만두
B7C6FE8E60,3,카페
B7D36E4B91,0,일식-덮밥/돈가스
B7E1268177,0,떡/한과 제조
B7E66CE21B,1,반찬
B81D338DB6,1,축산물
B870F34E7B,0,한식-냉면
B8787E12FB,1,호프/맥주
B87969F843,2,한식-육류/고기
B88DBA7876,1,테마카페
B89447A3C4,1,중식당
B897002DD3,2,햄버거
B8A531489A,3,축산물
B8C1E9F4C6,3,카페
B8D4C536C4,1,한식-단품요리일반
B8DFA92D86,0,호프/맥주
B8F11300C9,0,카페
B8F3A35930,2,양식
B90AD96CF9,2,양식
B918A3FB98,1,카페
B919F9B2D5,1,요리주점
B91AFC4E86,2,치킨
B93D0BD7EA,3,한식-육류/고기
B94F386154,1,건강원
B95A7665A4,2,커피전문점
B977CB2FBC,1,한식-육류/고기
B98F4B5F96,3,베이커리
B9BF272ED9,1,한식-국수/만두
B9CF9A1A80,1,카페
B9FF00B43A,3,아이스크림/빙수
B9FFD4B49A,0,한식-해물/생선
BA01E62E84,2,한식-해물/생선
BA09699019,2,한식-육류/고기
BA2517D7FC,2,백반/가정식
BA2CC9CBB0,3,아이스크림/빙수
BA3F65BE47,3,커피전문점
BA5B405677,1,일식당
BA69E3CDB0,3,치킨
BA6E1B1FB4,3,이자카야
BA7F9E4F9A,1,일식-덮밥/돈가스
BA9B0547FD,3,커피전문점
BAACCE3A2C,2,식료품
BABA730F00,3,이자카야
BAD22BA603,1,와플/크로플
BAE4DBE504,2,한식-육류/고기
BAFFCE9B97,1,한식-국수/만두
BB0E64E609,3,한식뷔페
BB15AB32DE,2,백반/가정식
BB1FB6818D,3,식료품
BB508E9B60,0,카페
BB59A21676,0,한식-육류/고기
BB82FCB163,1,호프/맥주
BB958EC353,2,한식-육류/고기
BBA657190E,1,반찬
BBC08E8D52,1,동남아/인도음식
BBD2264CC9,0,요리주점
BBD8478BE6,2,식품 제조
BBE10BA891,0,백반/가정식
BBE9114104,2,양식
BBEBA8E04B,2,한식-찌개/전골
BC04FDC81C,1,카페
BC088F9E92,2,중식당
BC1CC776B0,1,축산물
BC2FFDF526,0,한식-육류/고기
BC38E02E89,2,한식-찌개/전골
BC3B472D8E,3,카페
BC73C4C3E0,1,백반/가정식
BC7E71B9C9,3,한식-단품요리일반
BC8AC58034,2,한식-육류/고기
BCA89C9A13,1,카페
BCB8BCC1D2,1,커피전문점
BCC0F33208,1,백반/가정식
BCCC2086A0,3,한식-국수/만두
BCE250D47B,1,농산물
BCEE2D09FD,1,축산물
BD1918BD51,0,백반/가정식
BD1FD7F407,2,분식
BD237E8126,2,카페
BD50B5B681,2,한식-단품요리일반
BD59CF16DF,2,호프/맥주
BD5BCD8BE2,2,요리주점
BD61CF1C6B,1,축산물
BD730ED969,2,카페
BD7955F77D,1,분식
BD8A0F6D76,1,담배
BD97D048D7,2,축산물
BDB8AA2BA9,3,식료품
BDC0AED34F,2,커피전문점
BDC1AFBD07,2,백반/가정식
BDCFBDEA2B,2,한식-육류/고기
BDD7EBEC25,1,카페
BDDF5CFB2D,0,축산물
BDEBB09D4F,1,한식-육류/고기
BDF140D87B,0,미곡상
BE0A7DD7AB,2,커피전문점
BE122C35E1,0,한식-단품요리일반
BE1E68810C,0,한식-단품요리일반
BE1F11407F,0,한식-육류/고기
BE22760D64,2,한식-육류/고기
BE39038248,1,베이커리
BE3EAEA415,0,한식-국수/만두
BE3F9032F3,2,베이커리
BE527144E5,2,아이스크림/빙수
BE646F48C4,1,카페
BE6D091D98,0,백반/가정식
BE795585AC,2,분식
BE7CFBC6B2,1,와인바
BE7D01F20E,2,한식-육류/고기
BE8BE0B9CF,2,카페
BE9777DE4A,3,커피전문점
BE98ECE2C2,3,축산물
BEC769D20C,3,일반 유흥주점
BECBEDC4A9,1,양식
BEF8CE3173,3,한식-찌개/전골
BEFB51F3ED,2,한식-감자탕
BEFC627F89,1,한식-단품요리일반
BEFEB9CFAD,2,한식-국밥/설렁탕
BEFFE2D107,1,중식당
BF08598BF2,1,수산물
BF12B3B125,1,식료품
BF43B6D3DA,0,카페
BF6A6456AB,3,한식-육류/고기
BF702C4B97,1,와인바
BF872A7E89,0,카페
BF88411DC5,1,식료품
BF88DF05E7,1,식료품
BF8AD0410C,3,분식
BF8F8AFC4B,1,카페
BF95976F07,3,커피전문점
BF9955B7C9,0,카페
BF9A1F66F9,1,식료품
BFA11D536A,2,호프/맥주
BFA2953286,1,일식-덮밥/돈가스
BFA619CF5E,1,농산물
BFC08ED8B3,2,한식-단품요리일반
BFD54A2373,1,한식-냉면
BFD597B479,1,한식-국밥/설렁탕
BFDC273AED,2,커피전문점
BFFAC4B600,1,한식-육류/고기
C01850577F,2,백반/가정식
C02F2D3CAA,2,일식당
C04BD1DD58,0,식료품
C04EA4122D,3,백반/가정식
C058744372,2,식료품
C05AB78A24,1,인삼제품
C068094A9E,3,한식-육류/고기
C078C96A10,1,카페
C07C0292B5,3,식료품
C08E57AC76,2,한식-찌개/전골
C0A51FB362,1,동남아/인도음식
C0B5FF000E,1,한식-단품요리일반
C0CA103816,0,미곡상
C0E191132C,2,한식-해물/생선
C0FFD3E7B0,3,와인바
C11AF827CF,3,백반/가정식
C12009C4BE,1,양식
C1259FB5AB,1,한식-육류/고기
C135324315,0,수산물
C15C0FAF26,2,청과물
C15F41870C,3,포장마차
C168E9F433,1,축산물
C174E3CA47,3,치킨
C1853F0228,0,한식-해물/생선
C18835BA2E,0,포장마차
C18C547370,2,양식
C1A729DDD7,1,요리주점
C1B6121B9C,1,베이커리
C1C06DF70A,0,아이스크림/빙수
C1C2E714D4,1,백반/가정식
C1C544732B,1,주류
C1C5F1B907,0,백반/가정식
C1CF5ADDEC,0,치킨
C1D8EF8820,1,이자카야
C1E11E7838,2,담배
C1FA7755FC,2,백반/가정식
C21A5454F4,1,미곡상
C21D7968F4,3,치킨
C2207433F7,1,도시락
C22422FD12,3,치킨
C224A1BCA1,2,한식-육류/고기
C2261977A8,3,축산물
C229B393D6,1,인삼제품
C22B08730F,2,호프/맥주
C241964DED,0,식품 제조
C256EA2AC7,1,중식당
C265B15B41,2,백반/가정식
C26F430D81,1,미곡상
C2738D1B5D,2,피자
C2917321B5,3,카페
C2A4BBE3AF,1,룸살롱/단란주점
C2A525F314,2,일반 유흥주점
C2F9610A34,2,아이스크림/빙수
C30C25CDA5,1,축산물
C30D7020C4,0,주류
C31C533DC4,3,백반/가정식
C3358FB0BB,2,햄버거
C33E478AD0,0,백반/가정식
C356A661EB,1,호프/맥주
C372007CE6,2,한식-단품요리일반
C37E3670B1,2,식료품
C380136CEA,2,양식
C3BF4915D5,1,양식
C3CE191BFB,0,이자카야
C3D19B4AAD,1,한식-해물/생선
C3D4010F52,3,카페
C3D51FA850,1,양식
C3E5582C1B,0,분식
C3E6D8B14F,1,인삼제품
C3EB37225E,2,한식-단품요리일반
C40079D748,0,식료품
C41A3932CE,3,백반/가정식
C42A4207F3,2,농산물
C432317FC6,0,한식-해물/생선
C45383D8D3,1,일식당
C45BC175C8,0,커피전문점
C46428C39E,1,농산물
C47DE85D62,0,식료품
C4A3CC1A88,2,한식-단품요리일반
C4B01C15B0,2,중식당
C4B2112114,2,양식
C4BF630797,1,양식
C4EB3CD558,0,식료품
C506E14D73,0,한식-국수/만두
C508123D9A,0,중식당
C525E44DDB,2,축산물
C530609FDA,2,한식-육류/고기
C534CA7692,2,한식-육류/고기
C537E1C417,1,떡/한과 제조
C53BCF7844,3,한식-단품요리일반
C549675902,1,축산물
C56839C38F,2,백반/가정식
C59F032CAC,0,샌드위치/토스트
C5BB2467D5,1,일식당
C5BFDBE81E,1,한식-육류/고기
C5C7C7B0FE,1,백반/가정식
C5CAC5BC9E,3,식료품
C5CC45C4BE,2,치킨
C5DBF39698,2,아이스크림/빙수
C5E2F46391,0,백반/가정식
C5F8521BC4,2,백반/가정식
C5FB5DF5D0,2,양식
C605E52DD9,1,식료품
C6078C61EF,0,한식-육류/고기
C6100F7EF1,2,반찬
C6363F8E19,2,커피전문점
C64FD46BFC,1,축산물
C65FEFD6D4,2,커피전문점
C67A90C6B4,1,축산물
C6A16C1225,3,한식-육류/고기
C6A7D1B09B,2,카페
C6BCB34B2F,3,카페
C6C9F3F826,1,분식
C70D8E86E1,3,베이커리
C710E8B62F,1,축산물
C719A39BCF,2,요리주점
C71D78655F,1,카페
C7323D89BF,1,일식-참치회
C74C8A6CB8,2,한식-단품요리일반
C75AC23756,2,축산물
C766BAD8FB,2,커피전문점
C76B1790F8,0,카페
C76DAFE8C1,1,카페
C7A37F14A6,3,식료품
C7B69482A3,2,카페
C7CFDB1BF1,2,한식-국밥/설렁탕
C7D707F1E2,1,축산물
C7E3B6D61A,3,한식-단품요리일반
C7EB1E8F0F,3,분식
C7F49C4961,2,카페
C800A70770,0,식료품
C818CC20CF,3,한식-육류/고기
C81BDB335C,1,한식-냉면
C829E2FF48,3,일식당
C82F7B7133,1,한식-국수/만두
C83AA6A77D,1,요리주점
C83DB3B632,1,축산물
C83F9C3B91,1,한식-단품요리일반
C8670ECB8D,3,한식-단품요리일반
C8748625BA,1,한식-육류/고기
C87781D0BD,1,한식-육류/고기
C87A5EFBD3,0,한식-냉면
C8892CAE05,2,식료품
C8A02ED0B7,1,한식-단품요리일반
C8BFE622A5,1,구내식당/푸드코트
C8DB619114,2,백반/가정식
C8E1C54769,0,한식-국수/만두
C8E76C194D,1,한식-단품요리일반
C8ECC49AA2,0,한식-해물/생선
C919038375,2,한식-육류/고기
C920395745,0,치킨
C93B3BC4D1,1,일식당
C948BD5C50,0,한식-찌개/전골
C950C04B17,1,식료품
C9550798B7,1,축산물
C95A3B0715,0,백반/가정식
C970710431,1,양식
C980A72248,3,농산물
C990B38CA7,3,베이커리
C9915FFC82,3,한식-육류/고기
C9934643AC,2,일식당
C99550815C,1,농산물
C9EC8F7695,0,백반/가정식
C9EF27B57A,2,백반/가정식
C9F99AA41B,2,백반/가정식
C9FDD0D766,2,치킨
C9FF8B2E0B,3,한식-찌개/전골
CA01F6A76C,2,요리주점
CA28FD6B8A,3,미곡상
CA3624AE85,1,반찬
CA4136E334,3,건강식품
CA43DFDEA8,2,햄버거
CA4D5857BC,0,커피전문점
CA5307D30A,2,카페
CA54464181,2,카페
CA5F53A33F,3,백반/가정식
CA60093BA7,2,기타세계요리
CA789A700E,0,백반/가정식
CA81C3788D,0,농산물
CACF934A33,0,백반/가정식
CACFB96D47,2,한식-단품요리일반
CAD1383581,2,룸살롱/단란주점
CADFDBF8E5,3,한식-육류/고기
CAF68EC2CB,2,카페
CB17914E57,3,일식당
CB2533B6A3,3,한식-해물/생선
CB2F55FC97,2,한식-육류/고기
CB3797D731,2,중식당
CB42B1688B,2,카페
CB9C109826,3,식료품
CBBE8C9ACE,0,중식당
CC1114DFB5,2,백반/가정식
CC2F434D9D,1,농산물
CC35AA9223,3,치킨
CC35F3E6A1,1,축산물
CC3A3D392C,0,동남아/인도음식
CC6E68F51E,2,한식-육류/고기
CC80B4E678,2,분식
CC85B20721,3,베이커리
CC8638F044,3,반찬
CC9BA90614,1,식료품
CCA3577DE7,2,한식-육류/고기
CCAD277073,0,룸살롱/단란주점
CCC1A20AF8,2,동남아/인도음식
CCD21AE0A4,2,한식-단품요리일반
CCD6FF6A66,0,백반/가정식
CCE28D1338,3,백반/가정식
CCFF1D98D6,2,치킨
CD0848A352,1,주스
CD0A4EA5E0,2,한식-육류/고기
CD0C6BA93A,0,양식
CD14EDE90F,0,카페
CD17D7F552,3,축산물
CD4571800C,0,카페
CD4D9C986E,2,베이커리
CD542717CA,2,식료품
CDAEDB0A25,2,커피전문점
CDD05905F4,1,축산물
CDDAE64AC2,1,한식-단품요리일반
CDDFB5390C,2,반찬
CDF016103F,1,축산물
CDFDDEE207,2,한식-단품요리일반
CE0E9B9A73,3,양식
CE23799B3A,2,한식-국밥/설렁탕
CE35329FA0,0,한식-국수/만두
CE3D519C06,2,한식-해물/생선
CE412204AA,1,한식-육류/고기
CE4E66121E,3,축산물
CE70A9427E,2,일반 유흥주점
CEC2707AF8,0,커피전문점
CECDA06CB5,0,백반/가정식
CED054F322,0,와인바
CED8E4AEE5,1,카페
CEF3D93273,0,떡/한과 제조
CEF5C00333,3,한식-해물/생선
CF090D5B8C,1,축산물
CF11E9E059,0,커피전문점
CF178591B8,0,한식-찌개/전골
CF185DF6A6,3,한식-단품요리일반
CF19A96F63,2,양식
CF4878F0AB,3,한식-육류/고기
CF7D4E4D69,0,한식-국밥/설렁탕
CF851F9D05,2,한식-단품요리일반
CF932F2737,2,백반/가정식
CF93CCB79E,2,식료품
CFA3039DF1,3,축산물
CFA4B1B1C8,1,요리주점
CFC3884DF7,0,한식-육류/고기
CFE1DBB894,2,분식
CFE95F9727,0,치킨
D01DF9EC5F,2,카페
D02B6565D1,0,한식-단품요리일반
D04449492B,3,축산물
D04EE73563,2,한식-단품요리일반
D09E2B3D82,2,한식-죽
D0ACBE7CA2,3,농산물
D0C8ACE492,1,커피전문점
D0E89E2812,3,아이스크림/빙수
D0ECE18966,2,한식-육류/고기
D10F02182E,3,청과물
D1138B8FD3,1,한식-육류/고기
D140A43C4D,1,농산물
D17F92EAE0,3,아이스크림/빙수
D197369754,0,한식-육류/고기
D19DEE1724,1,룸살롱/단란주점
D1AB16DDC4,1,축산물
D1AD4D966E,0,베이커리
D1BD109F16,1,요리주점
D1DF607320,0,한식-단품요리일반
D1EB295A18,0,백반/가정식
D20D8BF71F,2,일반 유흥주점
D218E37580,0,도시락
D21FE6A7B4,2,카페
D23184A6DD,3,한식-육류/고기
D2392DB08D,1,한식-감자탕
D267FDAB6F,0,동남아/인도음식
D2863D50C7,1,백반/가정식
D29AB82613,0,한식-육류/고기
D2C222F8FA,1,반찬
D2CDCFE2D4,1,한식-단품요리일반
D2DAE82D97,0,호프/맥주
D2E6E383CD,2,커피전문점
D2FC15A5E1,2,백반/가정식
D333ECD384,0,룸살롱/단란주점
D3477E9950,3,베이커리
D354915A15,2,한식-해물/생선
D3556C1BB8,2,분식
D395BA1A40,1,일식당
D3965999F4,2,치킨
D3A10D3E66,1,한식-단품요리일반
D3A976635B,3,중식당
D3B3CDB5D1,1,베이커리
D3B91AFDFF,1,한식-국밥/설렁탕
D3C7D7CE86,2,한식-국수/만두
D3C9F2C2F5,2,한식-국밥/설렁탕
D3CEEC6D94,3,한식-단품요리일반
D3DEA832D8,3,일식당
D3E9691832,1,한식-육류/고기
D3E9FFD90F,2,카페
D3F29D0C95,2,커피전문점
D401EA47BD,0,양식
D402962627,2,한식-국수/만두
D406BC7817,0,한식-해물/생선
D413A3CF88,2,호프/맥주
D427F7C6AB,2,포장마차
D438843206,1,일식당
D44E72CCFC,0,한식-육류/고기
D45A8799DB,3,피자
D47A773B8E,2,일식당
D484C380BF,2,아이스크림/빙수
D488494DEF,1,축산물
D491F00E17,2,한식-육류/고기
D4AA4CAA8D,3,중식당
D4AD2AD30A,3,분식
D4B36C76C4,3,카페
D4BD053ECB,3,일반 유흥주점
D4C5EBD12F,2,백반/가정식
D4DF58F26D,1,호프/맥주
D511E3D8B1,1,한식-육류/고기
D529C1154C,3,샌드위치/토스트
D52B8311A4,2,한식-해물/생선
D573756B9C,0,요리주점
D57855D6EF,2,카페
D5845DCD06,3,커피전문점
D58C9C52D1,1,한식-육류/고기
D5909AB680,1,식료품
D592366647,2,한식-단품요리일반
D59EAA6064,2,일식-덮밥/돈가스
D5A688AFCD,2,한식-국밥/설렁탕
D5CE662890,1,축산물
D5CFCB32BA,1,축산물
D5CFD2B5BF,0,피자
D5D2A1D534,1,치킨
D5D64A7CE8,2,일식당
D5F0182675,3,카페
D5FAEB61B0,3,커피전문점
D612EC720C,1,한식-해물/생선
D6267FEEEA,2,한식-단품요리일반
D631BCEA77,1,요리주점
D63B351295,0,중식당
D64DEC08B9,2,한식-단품요리일반
D669157A58,1,한식-단품요리일반
D66D8AD118,1,청과물
D670574C48,2,한식-단품요리일반
D6745235EA,3,요리주점
D67C0BE6A2,3,양식
D6BA8B518B,1,백반/가정식
D6C06FDF89,2,호프/맥주
D6F0487E3E,1,축산물
D6F7A9FA64,0,한식-육류/고기
D7028A57A2,3,한식-단품요리일반
D709A19B89,2,한식-육류/고기
D72BC9D1A2,1,카페
D731C6D372,0,커피전문점
D749124593,0,카페
D756AE959B,0,한식-단품요리일반
D757DF77E2,3,백반/가정식
D77841D9B4,3,스테이크
D78D9659F1,2,카페
D78F1F696C,1,호프/맥주
D799D3A520,1,농산물
D7B0E38FA8,0,한식-육류/고기
D7EAFE3D88,3,분식
D7F0860579,3,축산물
D7FE7C347D,1,한식-해물/생선
D822E86B3D,2,한식-단품요리일반
D827FBA72F,0,한식-감자탕
D83C7B324D,2,양식
D83FD7E108,2,일식당
D85CD85462,1,한식뷔페
D8669EE2FB,2,식료품
D86773997F,1,주류
D877FBFA11,2,커피전문점
D87C249A76,2,한식-육류/고기
D87CAF8855,3,분식
D88940EE2F,2,한식-찌개/전골
D89DEC9B29,2,햄버거
D8A875AA9D,1,한식-육류/고기
D8B9E99952,2,한식-육류/고기
D8C7681945,2,한식-죽
D8D358541B,3,한식-국밥/설렁탕
D8D8741AE4,2,백반/가정식
D97D0EEBFE,2,베이커리
D983AF8437,2,일반 유흥주점
D98E86E1EF,1,한식-단품요리일반
D9A68478F5,2,한식-해물/생선
D9A857451B,1,양식
D9A86A4A3C,1,일식-덮밥/돈가스
D9B4DCAFB9,2,한식-육류/고기
D9C06C8643,2,한식-단품요리일반
D9C37DB102,2,한식-육류/고기
D9D5B30E21,0,베이커리
DA01E5E1CB,1,치킨
DA16B2905C,2,분식
DA1B23659C,1,떡/한과 제조
DA258C9262,3,양식
DA38CBD132,1,카페
DA3D8B1FB0,0,건강식품
DA3FBABC19,3,한식-단품요리일반
DA4547AB2F,2,한식-육류/고기
DA4DC755CB,3,커피전문점
DA5B732423,2,커피전문점
DA66A755A8,1,한식-육류/고기
DA7113101B,0,식료품
DA72A54F82,1,분식
DA74E018B2,3,한식-육류/고기
DA7C0F3255,2,한식-육류/고기
DA830AD4F9,1,와인바
DA9FEE893A,1,양식
DABAA47F1B,2,분식
DABB8F4DFF,2,베이커리
DABFCC04D8,1,한식-육류/고기
DAD28E1892,0,한식-찌개/전골
DAD6A93B87,0,햄버거
DADB178866,0,분식
DAE13C0508,2,양식
DAFBA48973,1,한식-해물/생선
DB02976DF2,1,축산물
DB1E0B5C1E,2,호프/맥주
DB3164F768,0,분식
DB4CA4D632,2,카페
DB794CF0E3,0,분식
DBC4830070,3,요리주점
DBD3191157,2,중식당
DC1615940E,0,한식-단품요리일반
DC17B81D3E,2,호프/맥주
DC2433C636,1,축산물
DC3C4F794B,0,와인바
DC6768DBDA,2,한식-육류/고기
DC88E0D1FD,1,양식
DC91CAB11B,3,베이커리
DCC50120CB,1,식료품
DCDA685076,0,백반/가정식
DCF5AF5EC7,2,한식-단품요리일반
DCF7BBE73E,3,분식
DD0FCFEDE6,0,커피전문점
DD282F5170,1,일식당
DD2B300AD5,2,일식당
DD3AD6FFFA,0,호프/맥주
DD406CC456,3,양식
DD45EECEE3,2,일식당
DD4FCA5BE6,0,한식-단품요리일반
DD5C3290AF,2,커피전문점
DD91730DEC,1,요리주점
DDA2B18650,0,백반/가정식
DDA448BE28,1,한식뷔페
DDAA9A9275,1,축산물
DDB19C2E90,2,요리주점
DDC5B3DE0C,0,베이커리
DDCEC53100,1,한식-육류/고기
DDF9F33035,2,치킨
DE1EB08231,0,한식-죽
DE28615258,1,한식-육류/고기
DE2C6A8F93,0,이자카야
DE2D4A4E86,0,식료품
DE4BA13DEE,3,와인바
DE5727B21A,1,식료품
DE5FF7193C,1,꼬치구이
DE6A101DCA,0,백반/가정식
DE7F19C8F6,0,한식-육류/고기
DE85469897,1,한식-육류/고기
DE96D5A30B,0,일식당
DEA848E3A9,0,백반/가정식
DEABE6F7A5,0,백반/가정식
DEC108E9DF,2,식료품
DECBA9ED42,3,카페
DF277BB6B1,2,샌드위치/토스트
DF32149DAD,0,호프/맥주
DF334CC79E,0,한식-육류/고기
DF5E6C949C,1,한식-해물/생선
DF67DE190B,2,한식-단품요리일반
DF7492A3E8,2,아이스크림/빙수
DF809D8AFF,3,베이커리
DF8B176772,1,카페
DF916D9BA2,1,백반/가정식
DF938C1210,3,중식당
DFA0B92DE8,2,한식-단품요리일반
DFC09E5F2A,0,베이커리
DFCD699E8D,3,축산물
DFD0B2EA28,0,룸살롱/단란주점
DFD306A663,0,분식
DFE427F21C,3,도시락
DFE96F9825,1,식품 제조
DFF4FC9533,3,포장마차
DFF740F6CA,2,한식-단품요리일반
E006ED6B32,1,백반/가정식
E00E398B70,2,치킨
E014ED20D7,1,한식-단품요리일반
E02749FC67,2,카페
E03321589B,2,한식-육류/고기
E04BA9BDD4,1,축산물
E05D8AE16A,2,분식
E06F67F152,0,이자카야
E08EC54D85,2,한식-육류/고기
E09000C96D,1,양식
E0A583DB58,1,카페
E0B79043DA,1,축산물
E0F74B2307,2,한식-단품요리일반
E10B522E89,2,한식-육류/고기
E12C68864A,0,한식-국밥/설렁탕
E145D9B3BC,2,농산물
E14648B415,3,아이스크림/빙수
E17006A999,2,한식-육류/고기
E19118E99D,0,한식-육류/고기
E19551340F,3,일식당
E1AA339E20,1,반찬
E1B7CDD2A1,2,치킨
E1C897591D,2,한식-단품요리일반
E1D3268137,0,요리주점
E1DF41CE78,1,중식당
E1FDBF2D4D,2,커피전문점
E20F4A8C30,3,한식-국밥/설렁탕
E2157F524A,0,분식
E23D8D8DEC,1,축산물
E24BAE6F44,1,축산물
E254F12E10,0,샌드위치/토스트
E25C0935BB,1,한식-죽
E2718B6445,0,양식
E27BFF4C97,1,축산물
E27C1862C9,2,치킨
E2988D5E24,1,식료품
E2A8F11930,1,백반/가정식
E2AF8DDCAD,2,한식-육류/고기
E2AFB2BDCB,2,포장마차
E2BDC284DA,0,한식-해물/생선
E2D2AE237A,1,농산물
E2E58BA667,3,백반/가정식
E300186CEB,1,요리주점
E322BB2F76,1,분식
E3298570A2,1,호프/맥주
E32B3F96D3,2,일식당
E34A466260,0,한식-감자탕
E368BF165D,3,한식-국밥/설렁탕
E36F634F38,0,한식-육류/고기
E376C90F04,3,식료품
E38998FBCE,3,호프/맥주
E3B9A9EE3A,3,담배
E402643C21,1,호프/맥주
E411010CB1,2,반찬
E42018568E,2,햄버거
E427B5E29F,0,커피전문점
E4313DDAAD,2,백반/가정식
E434888409,2,포장마차
E43552CFFF,2,분식
E43C1CDC68,1,한식-단품요리일반
E45CC78273,1,식료품
E474B338BD,0,카페
E476C4A851,1,한식-단품요리일반
E47826B7B5,2,치킨
E48396576D,2,한식-육류/고기
E4899A583F,2,카페
E495DA446B,2,백반/가정식
E4A76A9E0C,3,아이스크림/빙수
E4A9ECB7B9,2,카페
E4B17F7890,0,축산물
E4B34ABDDB,2,호프/맥주
E4BAFA1890,1,한식-단품요리일반
E4C073131C,3,포장마차
E4C7CD6FBB,1,치킨
E4C901B00D,1,중식당
E4D0E6B1B0,2,카페
E4D3C3A8AC,1,한식-단품요리일반
E4E07865EF,1,양식
E4E1737501,0,베이커리
E4E4B45D06,2,카페
E4FEADA057,1,양식
E508B2FACD,2,한식-국수/만두
E51D6B5EE4,1,치킨
E530039112,2,동남아/인도음식
E5474E6047,3,일식-초밥/롤
E549A26D24,1,양식
E569E14F36,0,커피전문점
E57A82C28E,2,일식당
E57C9021F7,2,중식당
E5849C4673,1,한식-육류/고기
E58F84D462,1,카페
E5A898ED0C,3,한식-육류/고기
E5B4CAB28C,3,양식
E5B86651F8,2,한식-육류/고기
E5BF99B7A0,1,양식
E5D4A2B7C3,0,축산물
E5E7DB8834,0,일반 유흥주점
E5E8F3F456,0,건강원
E5EA44757A,3,햄버거
E606947836,2,중식당
E61969DA0F,0,커피전문점
E62416CC62,2,백반/가정식
E629D92144,2,한식-육류/고기
E63D672DD1,0,일반 유흥주점
E64A353E00,0,일반 유흥주점
E64AD4E88B,2,일식당
E653603CB6,2,베이커리
E655648F43,0,카페
E672DE0773,1,축산물
E6738F086C,2,베이커리
E68206768A,2,양식
E684B115A0,0,백반/가정식
E68971A4E9,3,일식당
E6A2D6AB86,2,한식-육류/고기
E6AD1272C7,1,치킨
E6AE130DD5,0,한식-육류/고기
E6BF54CE96,2,커피전문점
E6C9F20B2C,1,한정식
E6D2D191A3,0,축산물
E6D7A15FD3,0,분식
E71673016B,2,카페
E71A3EA260,0,한식-단품요리일반
E71F240C4E,3,식료품
E727308CF3,1,떡/한과 제조
E7299FA225,3,양식
E72B5A0A41,3,카페
E73D1C3E58,1,치킨
E74932DE0A,3,베이커리
E7580812AD,2,피자
E76CBA6E55,1,치킨
E76E810A77,2,축산물
E781672309,3,베이커리
E79BB5C3F3,2,포장마차
E7A25A394B,2,중식당
E7A7211476,0,백반/가정식
E7ADF04349,2,카페
E7BA575772,1,한식-육류/고기
E7EF031D24,1,카페
E7FB9EBA6B,1,한식-해물/생선
E811B2836B,0,기타세계요리
E8152DDA49,1,축산물
E822E1A8E9,2,호프/맥주
E823EBBA3A,1,한식-단품요리일반
E825CDB209,3,한식뷔페
E82E2D91C7,1,식료품
E8372EA9EB,1,한식-육류/고기
E852479CD1,2,농산물
E863289A7D,1,한식-단품요리일반
E86582DC31,3,한식-감자탕
E87A866BDC,2,한식-육류/고기
E8829764C8,0,한식-국수/만두
E8869D79C1,2,기타세계요리
E8B987DD5B,1,백반/가정식
E8BDFFAD07,2,기타세계요리
E8D1233979,1,백반/가정식
E8E65B04C4,0,한식-육류/고기
E8E75C90BA,1,한식-해물/생선
E8F19A150F,2,피자
E9082AE454,1,분식
E9372BF2CE,1,축산물
E93EA380D7,1,떡/한과
E945237BD4,0,백반/가정식
E9547BAC81,1,식료품
E961D9800C,0,한식-단품요리일반
E9807AD4C2,0,한식-해물/생선
E999F941CF,1,축산물
E9A75D0A9D,1,베이커리
E9BFE7C269,0,한식-국밥/설렁탕
E9C5B231DE,3,한식-단품요리일반
E9CAEBD784,1,한식-해물/생선
E9CC23245B,1,피자
E9CCC6C53D,1,식료품
E9D11C9FFC,3,와인바
E9D4FB94A0,0,한식-단품요리일반
E9DBF3BFCA,3,한식-육류/고기
E9DF09936C,3,한식-단품요리일반
E9E34248AB,2,한식-육류/고기
E9EA02C4EA,3,동남아/인도음식
E9EB56D7EC,1,한식-육류/고기
E9FD5A6490,1,한식-단품요리일반
EA1657CCD1,3,백반/가정식
EA1F87E4D9,1,식료품
EA3F4A792D,2,치킨
EA46925A64,2,백반/가정식
EA5FAE889A,2,커피전문점
EA734570C0,2,백반/가정식
EAA6C3BAD2,2,한식-국수/만두
EABC01A262,0,한식-단품요리일반
EAC2034A91,2,한식-육류/고기
EAC8D706B1,1,한식-해물/생선
EAD0ED7E79,0,한식-육류/고기
EAD182F319,0,커피전문점
EADA92CB95,1,한식-단품요리일반
EAF82B5862,0,일반 유흥주점
EB036FFB76,1,식료품
EB0399A070,0,한식-해물/생선
EB0EDEEF49,2,한식-육류/고기
EB1B4CDCD1,2,한식-육류/고기
EB1FBD0949,2,분식
EB2F2101D0,3,커피전문점
EB654FE0E6,2,도너츠
EB66B019B5,1,카페
EB785F92A9,0,청과물
EB8CAF5738,0,백반/가정식
EB9EB89CB7,1,식료품
EBA77DE1F3,2,한식-육류/고기
EBC1ED7CFA,2,한식-단품요리일반
EBCBFD170F,1,한식뷔페
EBE0962975,2,커피전문점
EBE76155D3,2,카페
EC05B1ACA4,0,피자
EC0642694D,3,양식
EC2497D7F4,0,일식당
EC38BD01D9,0,백반/가정식
EC4263AD5F,1,샌드위치/토스트
EC4C74B567,0,한식-해물/생선
EC5DF75B11,0,분식
EC8722B2DA,0,베이커리
EC8D405566,0,한식-육류/고기
EC917AB57E,2,한식-육류/고기
EC91C206FC,2,주류
EC999BD128,0,한식-단품요리일반
EC9B3F9918,0,한식-육류/고기
EC9D2C4B17,0,한식-육류/고기
EC9F8C60ED,3,백반/가정식
ECAA46191A,0,피자
ECCBAE7ACB,2,카페
ECD810DC58,1,일식당
ECFD290D4E,1,축산물
ED0AED2575,1,한식-국밥/설렁탕
ED1607CD38,2,한식-단품요리일반
ED180381CA,2,백반/가정식
ED1FCA35E8,1,양식
ED2BD4308F,2,치킨
ED35FCD6A1,2,커피전문점
ED3A70B3FF,2,축산물
ED52C35FC7,1,축산물
ED52D189EC,1,식료품
ED55416BF9,3,식료품
ED5C02F6B2,3,일반 유흥주점
ED67372F75,2,일식당
ED68BA86A3,1,축산물
ED7C41B517,3,한식-육류/고기
ED815EC186,0,한식-육류/고기
ED8687C47C,2,피자
ED8A95E5CB,2,차
ED968D5FD1,2,커피전문점
ED9B54E9A4,1,건강원
EDB32887DE,0,분식
EDDF492971,0,양식
EDE992B70F,1,축산물
EDFFBFE90B,1,도시락
EE000D3E14,2,카페
EE056F4A46,2,한식-해물/생선
EE0678A190,3,커피전문점
EE0A7B3068,1,축산물
EE23179B26,1,일식당
EE27570A61,3,한식-단품요리일반
EE28A75CE0,1,한식-해물/생선
EE2DE56210,1,양식
EE3122B53A,2,중식당
EE46679C37,2,백반/가정식
EE4985D57B,3,도너츠
EE564B1E57,2,한식-육류/고기
EE6A4602A2,2,중식당
EE79357E42,1,꼬치구이
EE7B25452C,3,축산물
EE7D3593F6,3,동남아/인도음식
EE8D458B93,1,축산물
EE91547CA3,1,양식
EEA824DBB4,1,백반/가정식
EECEBE2010,2,일식-초밥/롤
EED0404EC2,1,농산물
EEFB21D12B,3,카페
EF154AC797,2,치킨
EF32AB6F09,1,축산물
EF414AEF31,0,농산물
EF6C8B42CB,2,요리주점
EFB11372BE,3,분식
EFC23E5401,0,베이커리
EFE2BD2AEE,3,기타세계요리
EFEE980DF0,3,커피전문점
F0082429E9,2,커피전문점
F01D034A24,0,베이커리
F0228002E3,1,농산물
F02766AB0A,2,치킨
F0334CCD5D,1,포장마차
F03D2DB87E,0,한식-단품요리일반
F05842A4EB,3,카페
F05B47B74E,2,일식당
F05E581558,2,한식-육류/고기
F074FA6DCE,2,한식-해물/생선
F0879D5E1E,1,축산물
F0892BD2A8,0,한식-단품요리일반
F095DE8367,1,한식-해물/생선
F0A284DA09,3,일식당
F0B6F6E0EA,2,동남아/인도음식
F0CC0C4D8F,0,농산물
F0CE500A65,2,양식
F0EEF6ECD0,3,요리주점
F1039455F0,1,한식-육류/고기
F1071108E7,1,일식당
F1157A79D0,2,커피전문점
F11C32EC58,3,요리주점
F12638FC09,1,축산물
F12D55091A,2,카페
F136D24734,2,베이커리
F147CC2C63,0,백반/가정식
F15C05A1D9,2,이자카야
F16D48C37E,1,한식-육류/고기
F1758BF01F,2,커피전문점
F17FFADBDA,1,청과물
F1823DF685,2,분식
F18AEC23C8,1,일식-초밥/롤
F1A467E06E,2,한식-육류/고기
F1A9A57B7B,3,양식
F1B5E625FC,0,꼬치구이
F1C69918DF,2,한식-국수/만두
F1D42A1E4A,1,카페
F1F48E332E,0,꼬치구이
F1F5DC5BD6,1,백반/가정식
F200A12359,1,한식-단품요리일반
F20A9C3F30,1,한식-육류/고기
F2119F711A,3,호프/맥주
F2207F8023,2,카페
F2357E23BC,1,농산물
F24E9532C3,3,호프/맥주
F24F0E217A,1,커피전문점
F259ACF16D,1,분식
F25F012B89,2,주류
F276A1602F,1,한식-육류/고기
F27F93CCEE,2,한식-육류/고기
F27FC18E41,1,와인샵
F290935883,2,커피전문점
F293AC18EB,1,한식-육류/고기
F2A06B9694,2,커피전문점
F2AE4EF7AB,2,중식당
F2B2CFC24F,3,샌드위치/토스트
F2E74AE874,1,베이커리
F305B5BE93,2,치킨
F326DA276A,0,피자
F3413EEBA2,2,축산물
F344AFB600,1,식료품
F34A09F515,1,한식-찌개/전골
F391294C30,3,아이스크림/빙수
F3AD4E7EF8,1,한식-찌개/전골
F3B534E564,3,한식-단품요리일반
F3C5C230B0,1,치킨
F3C9F5931D,0,한식-단품요리일반
F3D0744667,0,호프/맥주
F3D4CF71FF,0,식료품
F3E07DF794,1,일식당
F3F835C942,2,백반/가정식
F4013DE365,1,카페
F4157A9FA4,2,한식-육류/고기
F425FD13E4,0,한식-육류/고기
F42D0B483B,3,축산물
F439455087,2,치킨
F43CAD08EC,0,한식-단품요리일반
F4696BFFD9,0,백반/가정식
F46D45E328,1,중식당
F4835443B8,1,식료품
F4A797E2D3,1,한식-해물/생선
F4BEB03DA2,0,카페
F4C22C0FED,3,백반/가정식
F4D804EFA3,1,축산물
F4E7570A2E,0,카페
F4EB8AB693,0,백반/가정식
F4F3149034,2,중식당
F512DF538E,2,햄버거
F52CC07BC8,0,요리주점
F5449AAD7F,1,축산물
F565E3EC41,2,일반 유흥주점
F58CA84077,3,커피전문점
F59ADB02C2,3,백반/가정식
F5A33FDFC2,1,한식-육류/고기
F5A4D98110,2,중식-훠궈/마라탕
F5B18447D1,0,백반/가정식
F5D09BB486,2,한식-국수/만두
F5D2297649,0,한식-육류/고기
F5F6298388,2,일식당
F5FA25FE2A,2,식료품
F602494665,2,양식
F64AF24030,0,한식-해물/생선
F64BE13740,1,한식-찌개/전골
F653A2F32F,2,양식
F65588F354,1,베이커리
F666E3264F,0,일식당
F677279FBB,2,중식당
F67809447B,1,요리주점
F67A482D90,0,분식
F6AC821645,0,양식
F6B42598BE,2,일식-우동/소바/라면
F6F4BCEF5D,0,한식-냉면
F701A56FBD,0,룸살롱/단란주점
F717AC887A,2,한식-육류/고기
F717FD0621,1,포장마차
F719EFDFC0,0,한식-육류/고기
F72B20D757,1,한식-단품요리일반
F744DF2779,2,한식-해물/생선
F74D26733C,3,베이커리
F78999A03F,2,백반/가정식
F789DAA8C6,0,한식-육류/고기
F794B9D76C,1,한식-육류/고기
F79C44E620,2,꼬치구이
F7AB2719E7,0,한식-단품요리일반
F7AD65B492,2,베이커리
F7C857EF14,2,한식-육류/고기
F7CED7B6BD,2,백반/가정식
F7D24B9BB0,1,백반/가정식
F7E9A69F8D,3,커피전문점
F7ED8A9A8C,0,중식당
F7FAA7961C,3,요리주점
F80F79F599,2,피자
F810BEFDDE,0,양식
F830EFEDC5,1,축산물
F84E5ED7D7,1,룸살롱/단란주점
F852908BF6,0,한식-육류/고기
F88A12BCAB,0,한식-육류/고기
F8A788D183,3,카페
F8A8FD6F7C,2,치킨
F8A9873648,3,일식-덮밥/돈가스
F8BB3FFD0D,1,한식-육류/고기
F8CF4EB923,0,백반/가정식
F8D42257C0,0,축산물
F8EB6EC7ED,3,호프/맥주
F901334796,2,한식-찌개/전골
F907A9A2FF,0,호프/맥주
F94D17B95F,0,한식-단품요리일반
F959F7E85C,2,백반/가정식
F95DBF0B74,1,백반/가정식
F961D19759,3,한식-육류/고기
F9740CF3C4,1,한식-냉면
F99B9D223F,3,백반/가정식
F9E3638CA1,1,농산물
F9F193955A,1,동남아/인도음식
F9F46CA809,2,식료품
FA06E82AE6,3,한식-단품요리일반
FA17812673,2,백반/가정식
FA4EC253FD,2,양식
FA5108E188,2,한식-찌개/전골
FA526A8279,0,커피전문점
FA56138C48,0,축산물
FA5BFF2F5E,2,한식-육류/고기
FA6BD5D16F,1,한식-찌개/전골
FA74A080E1,1,백반/가정식
FA849FA315,0,백반/가정식
FA8BCD6DDD,2,커피전문점
FA9FC0963F,0,양식
FAB0188A01,2,카페
FAC60AB34E,3,한식-국수/만두
FAF7EF36E4,2,호프/맥주
FB073006C3,2,치킨
FB0BD34001,1,일식당
FB36289140,2,축산물
FB4DA73643,0,축산물
FB53D5547B,3,백반/가정식
FB5D8197BC,3,아이스크림/빙수
FB709A768C,1,꼬치구이
FB93D1F30E,2,한식-육류/고기
FBA935A166,1,양식
FBAAA9652B,3,베이커리
FBBAC0BE34,1,한식-육류/고기
FBC1A0EE75,2,일식-덮밥/돈가스
FBC56DE125,1,양식
FBDA2A8798,0,한식-육류/고기
FBE1518873,1,한식-단품요리일반
FBE5899725,2,피자
FBE9059735,0,축산물
FC11619D64,0,분식
FC1BE5CBBF,3,한식-찌개/전골
FC4868D4E3,1,한식-국수/만두
FC4D2DC52C,2,기타세계요리
FC69270591,2,커피전문점
FC6E670F70,2,커피전문점
FC94397B9D,1,축산물
FC9A5609D6,2,한식-단품요리일반
FCA52160AF,1,식료품
FCA7A6787B,2,카페
FCAF2BC53E,0,커피전문점
FCAF3BA597,2,카페
FCBC6ED9BA,1,샌드위치/토스트
FCBC740B1D,2,베이커리
FCBDB3C308,3,카페
FCBE9BD039,0,한식-단품요리일반
FCC01DA1A3,1,식료품
FCC34C30CB,3,양식
FCCA295301,1,치킨
FCDFAFB42A,3,한식-육류/고기
FCE1F472A0,1,농산물
FCE9571860,2,커피전문점
FCE9599321,1,일식당
FCEC2103C8,2,한식-국밥/설렁탕
FD00BD4D69,2,일식-덮밥/돈가스
FD01231FB6,3,백반/가정식
FD0DB1E115,0,양식
FD13D7996E,2,청과물
FD186D39D7,0,양식
FD1D26195F,2,아이스크림/빙수
FD2188337A,0,한식-육류/고기
FD27934820,3,식료품
FD2A903C77,1,햄버거
FD3AE857A6,2,치킨
FD52FCDA1B,2,한식-단품요리일반
FD67E697FF,1,한식-육류/고기
FD69236F45,2,카페
FD83D6880D,0,축산물
FDAA673A8F,2,한식-찌개/전골
FDC6438DD6,0,한식-국밥/설렁탕
FDC922ABCE,1,카페
FDD6335CBC,1,카페
FDE93C77D7,1,식료품
FDFE021BDE,0,일반 유흥주점
FE0080F280,0,한식-육류/고기
FE30B6645E,1,치킨
FE3AAF5CCD,2,식료품
FE3D949A0E,0,호프/맥주
FE56C99A69,1,베이커리
FE826E7775,0,커피전문점
FE8F304044,2,중식당
FEA22C8CC8,1,한식-육류/고기
FEAAE06C47,3,카페
FEAD704455,1,식료품
FEB83042A5,2,카페
FEBEA35A73,0,한식-육류/고기
FEC2FCF4DA,0,커피전문점
FEDAD7667E,0,축산물
FEE6966193,0,카페
FEFBDB41EA,1,한식-단품요리일반
FF03884FF0,0,한식-육류/고기
FF079A30CE,1,한식-육류/고기
FF0B7211A6,1,축산물
FF14F559B9,2,한식-단품요리일반
FF2A41988A,3,와인바
FF329A450D,2,한식-단품요리일반
FF37DA45D4,0,한식-육류/고기
FF39E0223D,2,치킨
FF3AE5174C,3,카페
FF3C3A8704,3,카페
FF55272DEB,2,한식-육류/고기
FF73833F70,2,베이커리
FF73A2D71A,1,한식-단품요리일반
FF8A45E182,3,한식-감자탕
FFAC8CC0F7,1,한식-국밥/설렁탕
FFD5654C3D,0,한식-찌개/전골
FFE9F1CC6A,1,백반/가정식
FFEDAC5747,2,베이커리
FFF0DAC445,0,꼬치구이
